symbol,ex_date,amount
AAPL,2012-08-09,0.094643
AAPL,2012-11-07,0.094643
AAPL,2013-02-07,0.094643
AAPL,2013-05-09,0.108929
AAPL,2013-08-08,0.108929
AAPL,2013-11-06,0.108929
AAPL,2014-02-06,0.108929
AAPL,2014-05-08,0.1175
AAPL,2014-08-07,0.1175
AAPL,2014-11-06,0.1175
AAPL,2015-02-05,0.1175
AAPL,2015-05-07,0.13
AAPL,2015-08-06,0.13
AAPL,2015-11-05,0.13
AAPL,2016-02-04,0.13
AAPL,2016-05-05,0.1425
AAPL,2016-08-04,0.1425
AAPL,2016-11-03,0.1425
AAPL,2017-02-09,0.1425
AAPL,2017-05-11,0.1575
AAPL,2017-08-10,0.1575
AAPL,2017-11-10,0.1575
AAPL,2018-02-09,0.1575
AAPL,2018-05-11,0.1825
AAPL,2018-08-10,0.1825
AAPL,2018-11-08,0.1825
AAPL,2019-02-08,0.1825
AAPL,2019-05-10,0.1925
AAPL,2019-08-09,0.1925
AAPL,2019-11-07,0.1925
AAPL,2020-02-07,0.1925
AAPL,2020-05-08,0.205
AAPL,2020-08-07,0.205
AAPL,2020-11-06,0.205
AAPL,2021-02-05,0.205
AAPL,2021-05-07,0.22
AAPL,2021-08-06,0.22
AAPL,2021-11-05,0.22
AAPL,2022-02-04,0.22
AAPL,2022-05-06,0.23
AAPL,2022-08-05,0.23
AAPL,2022-11-04,0.23
AAPL,2023-02-10,0.23
AAPL,2023-05-12,0.24
AAPL,2023-08-11,0.24
AAPL,2023-11-10,0.24
AAPL,2024-02-09,0.24
AAPL,2024-05-10,0.25
AAPL,2024-08-12,0.25
AAPL,2024-11-08,0.25
AAPL,2025-02-10,0.25
AAPL,2025-05-12,0.26
AAPL,2025-08-11,0.26
AAPL,2025-11-10,0.26
AAPL,2026-02-09,0.26
AAPL,2026-05-11,0.27
AAPL,2026-08-10,0.27
ABBV,2013-01-11,0.4
ABBV,2013-04-11,0.4
ABBV,2013-07-11,0.4
ABBV,2013-10-10,0.4
ABBV,2014-01-13,0.4
ABBV,2014-04-11,0.42
ABBV,2014-07-11,0.42
ABBV,2014-10-10,0.42
ABBV,2015-01-13,0.49
ABBV,2015-04-13,0.51
ABBV,2015-07-13,0.51
ABBV,2015-10-13,0.51
ABBV,2016-01-13,0.57
ABBV,2016-04-13,0.57
ABBV,2016-07-13,0.57
ABBV,2016-10-12,0.57
ABBV,2017-01-11,0.64
ABBV,2017-04-11,0.64
ABBV,2017-07-12,0.64
ABBV,2017-10-12,0.64
ABBV,2018-01-11,0.71
ABBV,2018-04-12,0.96
ABBV,2018-07-12,0.96
ABBV,2018-10-12,0.96
ABBV,2019-01-14,1.07
ABBV,2019-04-12,1.07
ABBV,2019-07-12,1.07
ABBV,2019-10-11,1.07
ABBV,2020-01-14,1.18
ABBV,2020-04-14,1.18
ABBV,2020-07-14,1.18
ABBV,2020-10-14,1.18
ABBV,2021-01-14,1.3
ABBV,2021-04-14,1.3
ABBV,2021-07-14,1.3
ABBV,2021-10-14,1.3
ABBV,2022-01-13,1.41
ABBV,2022-04-13,1.41
ABBV,2022-07-14,1.41
ABBV,2022-10-13,1.41
ABBV,2023-01-12,1.48
ABBV,2023-04-13,1.48
ABBV,2023-07-13,1.48
ABBV,2023-10-12,1.48
ABBV,2024-01-12,1.55
ABBV,2024-04-12,1.55
ABBV,2024-07-15,1.55
ABBV,2024-10-15,1.55
ABBV,2025-01-15,1.64
ABBV,2025-04-15,1.64
ABBV,2025-07-15,1.64
ABBV,2025-10-15,1.64
ABBV,2026-01-16,1.73
ABBV,2026-04-15,1.73
ABBV,2026-07-15,1.73
AVGO,2010-12-13,0.007
AVGO,2011-03-16,0.008
AVGO,2011-06-15,0.009
AVGO,2011-09-15,0.011
AVGO,2011-12-15,0.012
AVGO,2012-03-15,0.013
AVGO,2012-06-14,0.015
AVGO,2012-09-18,0.016
AVGO,2012-12-13,0.017
AVGO,2013-03-21,0.019
AVGO,2013-06-13,0.021
AVGO,2013-09-17,0.023
AVGO,2013-12-18,0.025
AVGO,2014-03-18,0.027
AVGO,2014-06-17,0.029
AVGO,2014-09-17,0.032
AVGO,2014-12-17,0.035
AVGO,2015-03-18,0.038
AVGO,2015-06-17,0.04
AVGO,2015-09-16,0.042
AVGO,2015-12-16,0.044
AVGO,2016-03-16,0.049
AVGO,2016-06-15,0.05
AVGO,2016-09-15,0.051
AVGO,2016-12-14,0.102
AVGO,2017-03-16,0.102
AVGO,2017-06-15,0.102
AVGO,2017-09-18,0.102
AVGO,2017-12-18,0.175
AVGO,2018-03-21,0.35
AVGO,2018-06-19,0.35
AVGO,2018-09-18,0.175
AVGO,2018-12-18,0.265
AVGO,2019-03-20,0.265
AVGO,2019-06-21,0.265
AVGO,2019-09-20,0.265
AVGO,2019-12-20,0.325
AVGO,2020-03-20,0.325
AVGO,2020-06-19,0.325
AVGO,2020-09-21,0.325
AVGO,2020-12-18,0.36
AVGO,2021-03-19,0.36
AVGO,2021-06-21,0.36
AVGO,2021-09-21,0.36
AVGO,2021-12-21,0.41
AVGO,2022-03-21,0.41
AVGO,2022-06-21,0.41
AVGO,2022-09-21,0.41
AVGO,2022-12-19,0.46
AVGO,2023-03-21,0.46
AVGO,2023-06-21,0.46
AVGO,2023-09-20,0.46
AVGO,2023-12-19,0.525
AVGO,2024-03-20,0.525
AVGO,2024-06-24,0.525
AVGO,2024-09-19,0.53
AVGO,2024-12-23,0.59
AVGO,2025-03-20,0.59
AVGO,2025-06-20,0.59
AVGO,2025-09-22,0.59
AVGO,2025-12-22,0.65
AVGO,2026-03-23,0.65
AVGO,2026-06-22,0.65
BA,2006-11-08,0.3
BA,2007-02-07,0.35
BA,2007-05-09,0.35
BA,2007-08-08,0.35
BA,2007-11-07,0.35
BA,2008-02-06,0.4
BA,2008-05-07,0.4
BA,2008-08-06,0.4
BA,2008-11-05,0.4
BA,2009-02-04,0.42
BA,2009-05-06,0.42
BA,2009-08-05,0.42
BA,2009-11-04,0.42
BA,2010-02-03,0.42
BA,2010-05-05,0.42
BA,2010-08-04,0.42
BA,2010-11-03,0.42
BA,2011-02-09,0.42
BA,2011-05-11,0.42
BA,2011-08-10,0.42
BA,2011-11-08,0.42
BA,2012-02-08,0.44
BA,2012-05-09,0.44
BA,2012-08-15,0.44
BA,2012-11-07,0.44
BA,2013-02-13,0.485
BA,2013-05-08,0.485
BA,2013-08-07,0.485
BA,2013-11-06,0.485
BA,2014-02-12,0.73
BA,2014-05-07,0.73
BA,2014-08-06,0.73
BA,2014-11-05,0.73
BA,2015-02-11,0.91
BA,2015-05-06,0.91
BA,2015-08-05,0.91
BA,2015-11-04,0.91
BA,2016-02-10,1.09
BA,2016-05-11,1.09
BA,2016-08-10,1.09
BA,2016-11-08,1.09
BA,2017-02-08,1.42
BA,2017-05-10,1.42
BA,2017-08-09,1.42
BA,2017-11-09,1.42
BA,2018-02-08,1.71
BA,2018-05-10,1.71
BA,2018-08-09,1.71
BA,2018-11-08,1.71
BA,2019-02-07,2.055
BA,2019-05-09,2.055
BA,2019-08-08,2.055
BA,2019-11-07,2.055
BA,2020-02-13,2.055
BAC,2006-11-29,0.56
BAC,2007-02-28,0.56
BAC,2007-05-30,0.56
BAC,2007-09-05,0.64
BAC,2007-12-05,0.64
BAC,2008-03-05,0.64
BAC,2008-06-04,0.64
BAC,2008-09-03,0.64
BAC,2008-12-03,0.32
BAC,2009-03-04,0.01
BAC,2009-06-03,0.01
BAC,2009-09-02,0.01
BAC,2009-12-02,0.01
BAC,2010-03-03,0.01
BAC,2010-06-02,0.01
BAC,2010-09-01,0.01
BAC,2010-12-01,0.01
BAC,2011-03-02,0.01
BAC,2011-06-01,0.01
BAC,2011-08-31,0.01
BAC,2011-11-30,0.01
BAC,2012-02-29,0.01
BAC,2012-05-30,0.01
BAC,2012-09-05,0.01
BAC,2012-12-05,0.01
BAC,2013-02-27,0.01
BAC,2013-06-05,0.01
BAC,2013-09-04,0.01
BAC,2013-12-04,0.01
BAC,2014-03-05,0.01
BAC,2014-06-20,0.01
BAC,2014-09-03,0.05
BAC,2014-12-03,0.05
BAC,2015-03-04,0.05
BAC,2015-06-03,0.05
BAC,2015-09-02,0.05
BAC,2015-12-02,0.05
BAC,2016-03-02,0.05
BAC,2016-06-01,0.05
BAC,2016-08-31,0.075
BAC,2016-11-30,0.075
BAC,2017-03-01,0.075
BAC,2017-05-31,0.075
BAC,2017-08-30,0.12
BAC,2017-11-30,0.12
BAC,2018-03-01,0.12
BAC,2018-05-31,0.12
BAC,2018-09-06,0.15
BAC,2018-12-06,0.15
BAC,2019-02-28,0.15
BAC,2019-06-06,0.15
BAC,2019-09-05,0.18
BAC,2019-12-05,0.18
BAC,2020-03-05,0.18
BAC,2020-06-04,0.18
BAC,2020-09-03,0.18
BAC,2020-12-03,0.18
BAC,2021-03-04,0.18
BAC,2021-06-03,0.18
BAC,2021-09-02,0.21
BAC,2021-12-02,0.21
BAC,2022-03-03,0.21
BAC,2022-06-02,0.21
BAC,2022-09-01,0.22
BAC,2022-12-01,0.22
BAC,2023-03-02,0.22
BAC,2023-06-01,0.22
BAC,2023-08-31,0.24
BAC,2023-11-30,0.24
BAC,2024-02-29,0.24
BAC,2024-06-07,0.24
BAC,2024-09-06,0.26
BAC,2024-12-06,0.26
BAC,2025-03-07,0.26
BAC,2025-06-06,0.26
BAC,2025-09-05,0.28
BAC,2025-12-05,0.28
BAC,2026-03-06,0.28
BAC,2026-06-05,0.28
BAC,2026-09-04,0.32
CAT,2006-10-19,0.3
CAT,2007-01-18,0.3
CAT,2007-04-19,0.3
CAT,2007-07-18,0.36
CAT,2007-10-18,0.36
CAT,2008-01-17,0.36
CAT,2008-04-17,0.36
CAT,2008-07-17,0.42
CAT,2008-10-16,0.42
CAT,2009-01-15,0.42
CAT,2009-04-16,0.42
CAT,2009-07-16,0.42
CAT,2009-10-22,0.42
CAT,2010-01-15,0.42
CAT,2010-04-22,0.42
CAT,2010-07-16,0.44
CAT,2010-10-21,0.44
CAT,2011-01-18,0.44
CAT,2011-04-20,0.44
CAT,2011-07-18,0.46
CAT,2011-10-20,0.46
CAT,2012-01-18,0.46
CAT,2012-04-19,0.46
CAT,2012-07-18,0.52
CAT,2012-10-18,0.52
CAT,2012-12-20,0.52
CAT,2013-04-18,0.52
CAT,2013-07-18,0.6
CAT,2013-10-17,0.6
CAT,2014-01-16,0.6
CAT,2014-04-16,0.6
CAT,2014-07-17,0.7
CAT,2014-10-16,0.7
CAT,2015-01-15,0.7
CAT,2015-04-16,0.7
CAT,2015-07-16,0.77
CAT,2015-10-22,0.77
CAT,2016-01-15,0.77
CAT,2016-04-21,0.77
CAT,2016-07-18,0.77
CAT,2016-10-20,0.77
CAT,2017-01-18,0.77
CAT,2017-04-20,0.77
CAT,2017-07-18,0.78
CAT,2017-10-20,0.78
CAT,2018-01-19,0.78
CAT,2018-04-20,0.78
CAT,2018-07-19,0.86
CAT,2018-10-19,0.86
CAT,2019-01-18,0.86
CAT,2019-04-18,0.86
CAT,2019-07-19,1.03
CAT,2019-10-18,1.03
CAT,2020-01-17,1.03
CAT,2020-04-17,1.03
CAT,2020-07-17,1.03
CAT,2020-10-23,1.03
CAT,2021-01-19,1.03
CAT,2021-04-23,1.03
CAT,2021-07-19,1.11
CAT,2021-10-22,1.11
CAT,2022-01-19,1.11
CAT,2022-04-22,1.11
CAT,2022-07-19,1.2
CAT,2022-10-21,1.2
CAT,2023-01-19,1.2
CAT,2023-04-21,1.2
CAT,2023-07-19,1.3
CAT,2023-10-20,1.3
CAT,2024-01-19,1.3
CAT,2024-04-19,1.3
CAT,2024-07-22,1.41
CAT,2024-10-21,1.41
CAT,2025-01-21,1.41
CAT,2025-04-21,1.41
CAT,2025-07-21,1.51
CAT,2025-10-20,1.51
CAT,2026-01-20,1.51
CAT,2026-04-20,1.51
CAT,2026-07-20,1.63
COST,2006-11-15,0.13
COST,2007-02-12,0.13
COST,2007-04-25,0.145
COST,2007-07-25,0.145
COST,2007-11-28,0.145
COST,2008-02-13,0.145
COST,2008-05-14,0.16
COST,2008-08-06,0.16
COST,2008-11-12,0.16
COST,2009-02-11,0.16
COST,2009-05-13,0.18
COST,2009-08-12,0.18
COST,2009-10-21,0.18
COST,2010-02-10,0.18
COST,2010-05-05,0.205
COST,2010-08-04,0.205
COST,2010-10-27,0.205
COST,2011-02-09,0.205
COST,2011-05-11,0.24
COST,2011-08-03,0.24
COST,2011-11-08,0.24
COST,2012-02-08,0.24
COST,2012-05-23,0.275
COST,2012-08-08,0.275
COST,2012-11-14,0.275
COST,2012-12-06,7.0
COST,2013-02-06,0.275
COST,2013-05-15,0.31
COST,2013-08-07,0.31
COST,2013-11-13,0.31
COST,2014-02-12,0.31
COST,2014-05-14,0.355
COST,2014-07-09,0.355
COST,2014-11-12,0.355
COST,2015-02-05,5.0
COST,2015-02-11,0.355
COST,2015-04-29,0.4
COST,2015-08-12,0.4
COST,2015-11-10,0.4
COST,2016-02-10,0.4
COST,2016-04-27,0.45
COST,2016-08-10,0.45
COST,2016-11-02,0.45
COST,2017-02-08,0.45
COST,2017-05-08,7.0
COST,2017-05-10,0.5
COST,2017-08-16,0.5
COST,2017-11-16,0.5
COST,2018-02-15,0.5
COST,2018-05-10,0.57
COST,2018-08-30,0.57
COST,2018-11-08,0.57
COST,2019-02-07,0.57
COST,2019-05-09,0.65
COST,2019-08-29,0.65
COST,2019-10-31,0.65
COST,2020-02-06,0.65
COST,2020-04-30,0.7
COST,2020-07-30,0.7
COST,2020-10-29,0.7
COST,2020-12-01,10.0
COST,2021-02-04,0.7
COST,2021-04-29,0.79
COST,2021-07-29,0.79
COST,2021-10-28,0.79
COST,2022-02-03,0.79
COST,2022-04-28,0.9
COST,2022-07-28,0.9
COST,2022-10-27,0.9
COST,2023-02-02,0.9
COST,2023-05-04,1.02
COST,2023-08-24,1.02
COST,2023-11-02,1.02
COST,2023-12-27,15.0
COST,2024-02-01,1.02
COST,2024-04-25,1.16
COST,2024-07-26,1.16
COST,2024-11-01,1.16
COST,2025-02-07,1.16
COST,2025-05-02,1.3
COST,2025-08-01,1.3
COST,2025-10-31,1.3
COST,2026-01-30,1.3
COST,2026-05-01,1.47
COST,2026-07-24,1.47
CRM,2024-03-13,0.4
CRM,2024-07-09,0.4
CRM,2024-09-18,0.4
CRM,2024-12-18,0.4
CRM,2025-04-10,0.416
CRM,2025-06-18,0.416
CRM,2025-09-17,0.416
CRM,2025-12-18,0.416
CRM,2026-04-09,0.44
CRM,2026-06-11,0.44
CRM,2026-09-17,0.44
CSCO,2011-03-29,0.06
CSCO,2011-07-05,0.06
CSCO,2011-10-04,0.06
CSCO,2012-01-03,0.06
CSCO,2012-04-03,0.08
CSCO,2012-07-02,0.08
CSCO,2012-10-02,0.14
CSCO,2012-11-27,0.14
CSCO,2013-04-04,0.17
CSCO,2013-07-01,0.17
CSCO,2013-10-01,0.17
CSCO,2014-01-02,0.17
CSCO,2014-04-01,0.19
CSCO,2014-07-02,0.19
CSCO,2014-09-30,0.19
CSCO,2015-01-02,0.19
CSCO,2015-03-31,0.21
CSCO,2015-07-01,0.21
CSCO,2015-10-01,0.21
CSCO,2016-01-04,0.21
CSCO,2016-04-04,0.26
CSCO,2016-07-05,0.26
CSCO,2016-10-03,0.26
CSCO,2017-01-04,0.26
CSCO,2017-04-04,0.29
CSCO,2017-07-05,0.29
CSCO,2017-10-04,0.29
CSCO,2018-01-04,0.29
CSCO,2018-04-04,0.33
CSCO,2018-07-05,0.33
CSCO,2018-10-04,0.33
CSCO,2019-01-03,0.33
CSCO,2019-04-04,0.35
CSCO,2019-07-03,0.35
CSCO,2019-10-03,0.35
CSCO,2020-01-02,0.35
CSCO,2020-04-02,0.36
CSCO,2020-07-02,0.36
CSCO,2020-10-01,0.36
CSCO,2021-01-04,0.36
CSCO,2021-04-05,0.37
CSCO,2021-07-02,0.37
CSCO,2021-10-04,0.37
CSCO,2022-01-04,0.37
CSCO,2022-04-05,0.38
CSCO,2022-07-05,0.38
CSCO,2022-10-04,0.38
CSCO,2023-01-04,0.38
CSCO,2023-04-04,0.39
CSCO,2023-07-05,0.39
CSCO,2023-10-03,0.39
CSCO,2024-01-03,0.39
CSCO,2024-04-03,0.4
CSCO,2024-07-05,0.4
CSCO,2024-10-02,0.4
CSCO,2025-01-03,0.4
CSCO,2025-04-03,0.41
CSCO,2025-07-03,0.41
CSCO,2025-10-03,0.41
CSCO,2026-01-02,0.41
CSCO,2026-04-02,0.42
CSCO,2026-07-06,0.42
CVX,2006-11-15,0.52
CVX,2007-02-14,0.52
CVX,2007-05-16,0.58
CVX,2007-08-15,0.58
CVX,2007-11-14,0.58
CVX,2008-02-13,0.58
CVX,2008-05-15,0.65
CVX,2008-08-15,0.65
CVX,2008-11-14,0.65
CVX,2009-02-12,0.65
CVX,2009-05-15,0.65
CVX,2009-08-17,0.68
CVX,2009-11-16,0.68
CVX,2010-02-12,0.68
CVX,2010-05-17,0.72
CVX,2010-08-17,0.72
CVX,2010-11-16,0.72
CVX,2011-02-14,0.72
CVX,2011-05-17,0.78
CVX,2011-08-17,0.78
CVX,2011-11-16,0.81
CVX,2012-02-15,0.81
CVX,2012-05-16,0.9
CVX,2012-08-15,0.9
CVX,2012-11-14,0.9
CVX,2013-02-13,0.9
CVX,2013-05-15,1.0
CVX,2013-08-15,1.0
CVX,2013-11-14,1.0
CVX,2014-02-12,1.0
CVX,2014-05-15,1.07
CVX,2014-08-15,1.07
CVX,2014-11-14,1.07
CVX,2015-02-12,1.07
CVX,2015-05-15,1.07
CVX,2015-08-17,1.07
CVX,2015-11-16,1.07
CVX,2016-02-16,1.07
CVX,2016-05-17,1.07
CVX,2016-08-17,1.07
CVX,2016-11-16,1.08
CVX,2017-02-14,1.08
CVX,2017-05-17,1.08
CVX,2017-08-16,1.08
CVX,2017-11-16,1.08
CVX,2018-02-15,1.12
CVX,2018-05-17,1.12
CVX,2018-08-16,1.12
CVX,2018-11-15,1.12
CVX,2019-02-14,1.19
CVX,2019-05-16,1.19
CVX,2019-08-16,1.19
CVX,2019-11-15,1.19
CVX,2020-02-14,1.29
CVX,2020-05-18,1.29
CVX,2020-08-18,1.29
CVX,2020-11-17,1.29
CVX,2021-02-16,1.29
CVX,2021-05-18,1.34
CVX,2021-08-18,1.34
CVX,2021-11-17,1.34
CVX,2022-02-15,1.42
CVX,2022-05-18,1.42
CVX,2022-08-18,1.42
CVX,2022-11-17,1.42
CVX,2023-02-15,1.51
CVX,2023-05-18,1.51
CVX,2023-08-17,1.51
CVX,2023-11-16,1.51
CVX,2024-02-15,1.63
CVX,2024-05-16,1.63
CVX,2024-08-19,1.63
CVX,2024-11-18,1.63
CVX,2025-02-14,1.71
CVX,2025-05-19,1.71
CVX,2025-08-19,1.71
CVX,2025-11-18,1.71
CVX,2026-02-17,1.78
CVX,2026-05-19,1.78
CVX,2026-08-19,1.78
DIA,2006-10-20,0.147
DIA,2006-11-17,0.319
DIA,2006-12-15,0.33
DIA,2007-01-19,0.08
DIA,2007-02-16,0.23
DIA,2007-03-16,0.277
DIA,2007-04-20,0.106
DIA,2007-05-18,0.354
DIA,2007-06-15,0.169
DIA,2007-07-20,0.164
DIA,2007-08-17,0.285
DIA,2007-09-21,0.237
DIA,2007-10-19,0.153
DIA,2007-11-16,0.378
DIA,2007-12-21,0.321
DIA,2008-01-18,0.14
DIA,2008-02-15,0.235
DIA,2008-03-20,0.296
DIA,2008-04-18,0.156
DIA,2008-05-16,0.328
DIA,2008-06-20,0.269
DIA,2008-07-18,0.165
DIA,2008-08-15,0.247
DIA,2008-09-19,0.334
DIA,2008-10-17,0.156
DIA,2008-11-21,0.343
DIA,2008-12-19,0.266
DIA,2009-01-16,0.141
DIA,2009-02-20,0.365
DIA,2009-03-20,0.177
DIA,2009-04-17,0.134
DIA,2009-05-15,0.246
DIA,2009-06-19,0.283
DIA,2009-07-17,0.126
DIA,2009-08-21,0.329
DIA,2009-09-18,0.175
DIA,2009-10-16,0.094
DIA,2009-11-20,0.338
DIA,2009-12-18,0.4
DIA,2010-02-19,0.265
DIA,2010-03-19,0.207
DIA,2010-04-16,0.091
DIA,2010-05-21,0.381
DIA,2010-06-18,0.19
DIA,2010-07-16,0.093
DIA,2010-08-20,0.384
DIA,2010-09-17,0.191
DIA,2010-10-15,0.093
DIA,2010-11-19,0.361
DIA,2010-12-17,0.263
DIA,2010-12-29,0.248
DIA,2011-01-21,0.144
DIA,2011-02-18,0.3
DIA,2011-03-18,0.226
DIA,2011-04-15,0.112
DIA,2011-05-20,0.415
DIA,2011-06-17,0.208
DIA,2011-07-15,0.112
DIA,2011-08-19,0.419
DIA,2011-09-16,0.21
DIA,2011-10-21,0.185
DIA,2011-11-18,0.285
DIA,2011-12-16,0.356
DIA,2012-01-20,0.167
DIA,2012-02-17,0.332
DIA,2012-03-16,0.255
DIA,2012-04-20,0.149
DIA,2012-05-18,0.426
DIA,2012-06-15,0.22
DIA,2012-07-20,0.21
DIA,2012-08-17,0.349
DIA,2012-09-21,0.281
DIA,2012-10-19,0.187
DIA,2012-11-16,0.323
DIA,2012-12-21,0.413
DIA,2013-01-18,0.145
DIA,2013-02-15,0.357
DIA,2013-03-15,0.302
DIA,2013-04-19,0.141
DIA,2013-05-17,0.429
DIA,2013-06-21,0.304
DIA,2013-07-19,0.206
DIA,2013-08-16,0.383
DIA,2013-09-20,0.304
DIA,2013-10-18,0.17
DIA,2013-11-15,0.298
DIA,2013-12-20,0.395
DIA,2014-01-17,0.133
DIA,2014-02-21,0.435
DIA,2014-03-21,0.282
DIA,2014-04-17,0.132
DIA,2014-05-16,0.421
DIA,2014-06-20,0.326
DIA,2014-07-18,0.182
DIA,2014-08-15,0.296
DIA,2014-09-19,0.413
DIA,2014-11-21,0.448
DIA,2014-12-19,0.383
DIA,2015-01-16,0.148
DIA,2015-02-20,0.49
DIA,2015-03-20,0.311
DIA,2015-04-17,0.118
DIA,2015-05-15,0.403
DIA,2015-06-19,0.48
DIA,2015-07-17,0.172
DIA,2015-08-21,0.55
DIA,2015-09-18,0.328
DIA,2015-10-16,0.08
DIA,2015-11-20,0.573
DIA,2015-12-18,0.408
DIA,2016-01-15,0.086
DIA,2016-02-19,0.613
DIA,2016-03-18,0.375
DIA,2016-04-15,0.13
DIA,2016-05-20,0.612
DIA,2016-06-17,0.355
DIA,2016-07-15,0.135
DIA,2016-08-19,0.656
DIA,2016-09-16,0.354
DIA,2016-10-21,0.18
DIA,2016-11-18,0.533
DIA,2016-12-16,0.432
DIA,2017-01-20,0.193
DIA,2017-02-17,0.561
DIA,2017-03-17,0.408
DIA,2017-04-21,0.182
DIA,2017-05-19,0.608
DIA,2017-06-16,0.394
DIA,2017-07-21,0.236
DIA,2017-08-18,0.529
DIA,2017-09-15,0.458
DIA,2017-10-20,0.183
DIA,2017-11-17,0.562
DIA,2017-12-15,0.561
DIA,2018-01-19,0.144
DIA,2018-02-16,0.645
DIA,2018-03-16,0.454
DIA,2018-04-20,0.132
DIA,2018-05-18,0.697
DIA,2018-06-15,0.376
DIA,2018-07-20,0.318
DIA,2018-08-17,0.538
DIA,2018-09-21,0.546
DIA,2018-10-19,0.155
DIA,2018-11-16,0.601
DIA,2018-12-21,0.616
DIA,2019-01-18,0.174
DIA,2019-02-15,0.698
DIA,2019-03-15,0.545
DIA,2019-04-18,0.158
DIA,2019-05-17,0.644
DIA,2019-06-21,0.637
DIA,2019-07-19,0.223
DIA,2019-08-16,0.674
DIA,2019-09-20,0.647
DIA,2019-10-18,0.173
DIA,2019-11-15,0.514
DIA,2019-12-20,0.866
DIA,2020-01-17,0.138
DIA,2020-02-21,0.804
DIA,2020-03-20,0.602
DIA,2020-04-17,0.13
DIA,2020-05-15,0.462
DIA,2020-06-19,0.753
DIA,2020-07-17,0.211
DIA,2020-08-21,0.604
DIA,2020-09-18,0.667
DIA,2020-10-16,0.117
DIA,2020-11-20,0.652
DIA,2020-12-18,0.588
DIA,2021-01-15,0.128
DIA,2021-02-19,0.601
DIA,2021-03-19,0.671
DIA,2021-04-16,0.112
DIA,2021-05-21,0.703
DIA,2021-06-18,0.493
DIA,2021-07-16,0.207
DIA,2021-08-20,0.611
DIA,2021-09-17,0.736
DIA,2021-10-15,0.117
DIA,2021-11-19,0.701
DIA,2021-12-17,0.662
DIA,2022-01-21,0.258
DIA,2022-02-18,0.519
DIA,2022-03-18,0.772
DIA,2022-04-14,0.126
DIA,2022-05-20,0.745
DIA,2022-06-17,0.692
DIA,2022-07-15,0.128
DIA,2022-08-19,0.656
DIA,2022-09-16,0.823
DIA,2022-10-21,0.182
DIA,2022-11-18,0.681
DIA,2022-12-16,0.75
DIA,2023-01-20,0.28
DIA,2023-02-17,0.552
DIA,2023-03-17,0.858
DIA,2023-04-21,0.184
DIA,2023-05-19,0.726
DIA,2023-06-16,0.776
DIA,2023-07-21,0.268
DIA,2023-08-18,0.51
DIA,2023-09-15,0.923
DIA,2023-10-20,0.187
DIA,2023-11-17,0.707
DIA,2023-12-15,0.833
DIA,2024-01-19,0.213
DIA,2024-02-16,0.612
DIA,2024-03-15,0.933
DIA,2024-04-19,0.198
DIA,2024-05-17,0.594
DIA,2024-06-21,0.874
DIA,2024-07-19,0.194
DIA,2024-08-16,0.327
DIA,2024-09-20,1.248
DIA,2024-10-18,0.149
DIA,2024-11-15,0.266
DIA,2024-12-20,1.223
DIA,2025-01-17,0.162
DIA,2025-02-21,0.659
DIA,2025-03-21,0.801
DIA,2025-04-17,0.197
DIA,2025-05-16,0.322
DIA,2025-06-20,1.199
DIA,2025-07-18,0.181
DIA,2025-08-15,0.266
DIA,2025-09-19,1.318
DIA,2025-10-17,0.155
DIA,2025-11-21,0.576
DIA,2025-12-19,1.044
DIA,2026-01-16,0.179
DIA,2026-02-20,0.613
DIA,2026-03-20,0.994
DIA,2026-04-17,0.206
DIA,2026-05-15,0.276
DIA,2026-06-18,1.405
DIA,2026-07-17,0.149
DIA,2026-08-21,0.437
DIS,2006-12-13,0.305815
DIS,2007-12-05,0.35
DIS,2008-12-11,0.35
DIS,2009-12-10,0.35
DIS,2010-12-09,0.4
DIS,2011-12-14,0.6
DIS,2012-12-06,0.75
DIS,2013-12-12,0.86
DIS,2014-12-11,1.15
DIS,2015-07-01,0.66
DIS,2015-12-10,0.71
DIS,2016-07-07,0.71
DIS,2016-12-08,0.78
DIS,2017-07-06,0.78
DIS,2017-12-08,0.84
DIS,2018-07-06,0.84
DIS,2018-12-07,0.88
DIS,2019-07-05,0.88
DIS,2019-12-13,0.88
DIS,2023-12-08,0.3
DIS,2024-07-08,0.45
DIS,2024-12-16,0.5
DIS,2025-06-24,0.5
DIS,2025-12-15,0.75
DIS,2026-06-30,0.75
EEM,2006-12-20,0.524333
EEM,2007-12-24,0.649
EEM,2008-06-25,0.517333
EEM,2008-12-23,0.34
EEM,2009-06-23,0.247
EEM,2009-12-22,0.323
EEM,2009-12-29,0.012
EEM,2010-06-23,0.262
EEM,2010-12-21,0.359
EEM,2010-12-29,0.025
EEM,2011-06-22,0.461
EEM,2011-12-20,0.347
EEM,2012-06-21,0.468
EEM,2012-12-18,0.262
EEM,2012-12-27,0.014
EEM,2013-06-27,0.493
EEM,2013-12-18,0.366
EEM,2014-06-25,0.341
EEM,2014-12-17,0.535
EEM,2015-06-25,0.301
EEM,2015-12-21,0.501
EEM,2016-06-22,0.266
EEM,2016-12-21,0.396
EEM,2017-06-20,0.192
EEM,2017-12-19,0.697
EEM,2018-06-19,0.29
EEM,2018-12-18,0.584
EEM,2019-06-17,0.311
EEM,2019-12-16,0.929
EEM,2020-06-15,0.23
EEM,2020-12-14,0.519
EEM,2021-06-10,0.241
EEM,2021-12-13,0.707
EEM,2021-12-30,0.026
EEM,2022-06-09,0.362
EEM,2022-12-13,0.584
EEM,2023-06-07,0.31
EEM,2023-12-20,0.748
EEM,2024-06-11,0.29
EEM,2024-12-17,0.727
EEM,2025-06-16,0.452
EEM,2025-12-16,0.763
EEM,2026-06-15,0.351
GE,2006-09-21,1.198109
GE,2006-12-21,1.341882
GE,2007-02-22,1.341882
GE,2007-06-21,1.341882
GE,2007-09-20,1.341882
GE,2007-12-20,1.485656
GE,2008-02-21,1.485656
GE,2008-06-19,1.485656
GE,2008-09-18,1.485656
GE,2008-12-24,1.485656
GE,2009-02-19,1.485656
GE,2009-06-18,0.479244
GE,2009-09-17,0.479244
GE,2009-12-23,0.479244
GE,2010-02-25,0.479244
GE,2010-06-17,0.479244
GE,2010-09-16,0.575092
GE,2010-12-22,0.670941
GE,2011-02-24,0.670941
GE,2011-06-16,0.718866
GE,2011-09-15,0.718866
GE,2011-12-22,0.814714
GE,2012-02-23,0.814714
GE,2012-06-15,0.263584
GE,2012-06-21,0.814714
GE,2012-09-20,0.814714
GE,2012-12-20,0.910563
GE,2013-02-21,0.910563
GE,2013-06-20,0.910563
GE,2013-09-19,0.910563
GE,2013-12-19,1.054336
GE,2014-02-20,1.054336
GE,2014-06-19,1.054336
GE,2014-09-18,1.054336
GE,2014-12-18,1.102261
GE,2015-02-19,1.102261
GE,2015-06-18,1.102261
GE,2015-09-17,1.102261
GE,2015-12-17,1.102261
GE,2016-02-25,1.102261
GE,2016-06-16,1.102261
GE,2016-09-15,1.102261
GE,2016-12-22,1.150185
GE,2017-02-23,1.150185
GE,2017-06-15,1.150185
GE,2017-09-15,1.150185
GE,2017-12-26,0.575092
GE,2018-02-23,0.575092
GE,2018-06-15,0.575092
GE,2018-09-14,0.575092
GE,2018-12-19,0.047924
GE,2019-03-08,0.049841
GE,2019-06-28,0.049841
GE,2019-09-13,0.049841
GE,2019-12-20,0.049841
GE,2020-03-06,0.049841
GE,2020-06-26,0.049841
GE,2020-09-25,0.049841
GE,2020-12-18,0.049841
GE,2021-03-05,0.049841
GE,2021-06-25,0.049841
GE,2021-09-24,0.049841
GE,2021-12-20,0.049841
GE,2022-03-07,0.049841
GE,2022-06-27,0.049841
GE,2022-09-26,0.049841
GE,2022-12-14,0.049841
GE,2023-03-06,0.063847
GE,2023-07-10,0.063847
GE,2023-09-25,0.063847
GE,2023-12-27,0.063847
GE,2024-04-12,0.28
GE,2024-07-11,0.28
GE,2024-09-26,0.28
GE,2024-12-27,0.28
GE,2025-03-10,0.36
GE,2025-07-07,0.36
GE,2025-09-29,0.36
GE,2025-12-29,0.36
GE,2026-03-09,0.47
GE,2026-07-06,0.47
GOOGL,2024-06-10,0.2
GOOGL,2024-09-09,0.2
GOOGL,2024-12-09,0.2
GOOGL,2025-03-10,0.2
GOOGL,2025-06-09,0.21
GOOGL,2025-09-08,0.21
GOOGL,2025-12-08,0.21
GOOGL,2026-03-09,0.21
GOOGL,2026-06-08,0.22
GOOGL,2026-09-04,0.22
GS,2006-10-19,0.35
GS,2007-01-19,0.35
GS,2007-04-20,0.35
GS,2007-07-27,0.35
GS,2007-10-25,0.35
GS,2008-01-25,0.35
GS,2008-04-25,0.35
GS,2008-07-25,0.35
GS,2008-10-23,0.35
GS,2009-02-20,0.467
GS,2009-05-21,0.35
GS,2009-08-21,0.35
GS,2009-11-30,0.35
GS,2010-02-26,0.35
GS,2010-05-27,0.35
GS,2010-08-30,0.35
GS,2010-11-30,0.35
GS,2011-02-28,0.35
GS,2011-05-27,0.35
GS,2011-08-30,0.35
GS,2011-11-29,0.35
GS,2012-02-28,0.35
GS,2012-05-29,0.46
GS,2012-08-28,0.46
GS,2012-11-28,0.5
GS,2013-02-26,0.5
GS,2013-05-28,0.5
GS,2013-08-28,0.5
GS,2013-11-27,0.55
GS,2014-02-26,0.55
GS,2014-05-28,0.55
GS,2014-08-27,0.55
GS,2014-11-28,0.6
GS,2015-02-26,0.6
GS,2015-05-28,0.65
GS,2015-08-28,0.65
GS,2015-11-30,0.65
GS,2016-02-29,0.65
GS,2016-05-27,0.65
GS,2016-08-30,0.65
GS,2016-11-29,0.65
GS,2017-02-28,0.65
GS,2017-05-30,0.75
GS,2017-08-29,0.75
GS,2017-11-29,0.75
GS,2018-02-28,0.75
GS,2018-05-30,0.8
GS,2018-08-29,0.8
GS,2018-11-29,0.8
GS,2019-02-27,0.8
GS,2019-05-29,0.85
GS,2019-08-29,1.25
GS,2019-11-29,1.25
GS,2020-02-28,1.25
GS,2020-05-29,1.25
GS,2020-08-31,1.25
GS,2020-12-01,1.25
GS,2021-03-01,1.25
GS,2021-05-28,1.25
GS,2021-08-31,2.0
GS,2021-12-01,2.0
GS,2022-03-01,2.0
GS,2022-05-31,2.0
GS,2022-08-31,2.5
GS,2022-11-30,2.5
GS,2023-03-01,2.5
GS,2023-05-31,2.5
GS,2023-08-30,2.75
GS,2023-11-29,2.75
GS,2024-02-28,2.75
GS,2024-05-30,2.75
GS,2024-08-30,3.0
GS,2024-12-02,3.0
GS,2025-02-28,3.0
GS,2025-05-30,3.0
GS,2025-08-29,4.0
GS,2025-12-02,4.0
GS,2026-03-02,4.5
GS,2026-06-01,4.5
GS,2026-09-01,5.0
HD,2006-11-28,0.225
HD,2007-03-06,0.225
HD,2007-06-05,0.225
HD,2007-08-28,0.225
HD,2007-11-27,0.225
HD,2008-03-11,0.225
HD,2008-06-03,0.225
HD,2008-09-02,0.225
HD,2008-12-02,0.225
HD,2009-03-10,0.225
HD,2009-06-09,0.225
HD,2009-09-01,0.225
HD,2009-12-01,0.225
HD,2010-03-09,0.236
HD,2010-06-01,0.236
HD,2010-08-31,0.236
HD,2010-11-30,0.236
HD,2011-03-08,0.25
HD,2011-06-14,0.25
HD,2011-08-30,0.25
HD,2011-11-29,0.29
HD,2012-03-06,0.29
HD,2012-05-29,0.29
HD,2012-08-28,0.29
HD,2012-11-27,0.29
HD,2013-03-12,0.39
HD,2013-06-04,0.39
HD,2013-09-03,0.39
HD,2013-12-03,0.39
HD,2014-03-11,0.47
HD,2014-06-03,0.47
HD,2014-09-02,0.47
HD,2014-12-02,0.47
HD,2015-03-10,0.59
HD,2015-06-02,0.59
HD,2015-09-01,0.59
HD,2015-12-01,0.59
HD,2016-03-08,0.69
HD,2016-05-31,0.69
HD,2016-08-30,0.69
HD,2016-11-29,0.69
HD,2017-03-07,0.89
HD,2017-05-30,0.89
HD,2017-08-29,0.89
HD,2017-11-29,0.89
HD,2018-03-07,1.03
HD,2018-05-30,1.03
HD,2018-08-29,1.03
HD,2018-11-28,1.03
HD,2019-03-13,1.36
HD,2019-06-05,1.36
HD,2019-09-04,1.36
HD,2019-12-04,1.36
HD,2020-03-11,1.5
HD,2020-06-03,1.5
HD,2020-09-02,1.5
HD,2020-12-02,1.5
HD,2021-03-10,1.65
HD,2021-06-02,1.65
HD,2021-09-01,1.65
HD,2021-12-01,1.65
HD,2022-03-09,1.9
HD,2022-06-01,1.9
HD,2022-08-31,1.9
HD,2022-11-30,1.9
HD,2023-03-08,2.09
HD,2023-05-31,2.09
HD,2023-08-30,2.09
HD,2023-11-29,2.09
HD,2024-03-06,2.25
HD,2024-05-30,2.25
HD,2024-08-29,2.25
HD,2024-11-27,2.25
HD,2025-03-13,2.3
HD,2025-06-05,2.3
HD,2025-09-04,2.3
HD,2025-12-04,2.3
HD,2026-03-12,2.33
HD,2026-06-04,2.33
HD,2026-09-03,2.33
IBM,2006-11-08,0.286807
IBM,2007-02-07,0.286807
IBM,2007-05-08,0.382409
IBM,2007-08-08,0.382409
IBM,2007-11-07,0.382409
IBM,2008-02-06,0.382409
IBM,2008-05-07,0.478011
IBM,2008-08-06,0.478011
IBM,2008-11-06,0.478011
IBM,2009-02-06,0.478011
IBM,2009-05-06,0.525813
IBM,2009-08-06,0.525813
IBM,2009-11-06,0.525813
IBM,2010-02-08,0.525813
IBM,2010-05-06,0.621415
IBM,2010-08-06,0.621415
IBM,2010-11-08,0.621415
IBM,2011-02-08,0.621415
IBM,2011-05-06,0.717017
IBM,2011-08-08,0.717017
IBM,2011-11-08,0.717017
IBM,2012-02-08,0.717017
IBM,2012-05-08,0.81262
IBM,2012-08-08,0.81262
IBM,2012-11-07,0.81262
IBM,2013-02-06,0.81262
IBM,2013-05-08,0.908222
IBM,2013-08-07,0.908222
IBM,2013-11-06,0.908222
IBM,2014-02-06,0.908222
IBM,2014-05-07,1.051625
IBM,2014-08-06,1.051625
IBM,2014-11-06,1.051625
IBM,2015-02-06,1.051625
IBM,2015-05-06,1.24283
IBM,2015-08-06,1.24283
IBM,2015-11-06,1.24283
IBM,2016-02-08,1.24283
IBM,2016-05-06,1.338432
IBM,2016-08-08,1.338432
IBM,2016-11-08,1.338432
IBM,2017-02-08,1.338432
IBM,2017-05-08,1.434034
IBM,2017-08-08,1.434034
IBM,2017-11-09,1.434034
IBM,2018-02-08,1.434034
IBM,2018-05-09,1.500956
IBM,2018-08-09,1.500956
IBM,2018-11-08,1.500956
IBM,2019-02-07,1.500956
IBM,2019-05-09,1.548757
IBM,2019-08-08,1.548757
IBM,2019-11-07,1.548757
IBM,2020-02-07,1.548757
IBM,2020-05-07,1.558317
IBM,2020-08-07,1.558317
IBM,2020-11-09,1.558317
IBM,2021-02-09,1.558317
IBM,2021-05-07,1.567878
IBM,2021-08-09,1.567878
IBM,2021-11-09,1.64
IBM,2022-02-10,1.64
IBM,2022-05-09,1.65
IBM,2022-08-09,1.65
IBM,2022-11-09,1.65
IBM,2023-02-09,1.65
IBM,2023-05-09,1.66
IBM,2023-08-09,1.66
IBM,2023-11-09,1.66
IBM,2024-02-08,1.66
IBM,2024-05-09,1.67
IBM,2024-08-09,1.67
IBM,2024-11-12,1.67
IBM,2025-02-10,1.67
IBM,2025-05-09,1.68
IBM,2025-08-08,1.68
IBM,2025-11-10,1.68
IBM,2026-02-10,1.68
IBM,2026-05-08,1.69
IBM,2026-08-10,1.69
INTC,2006-11-03,0.1
INTC,2007-02-05,0.113
INTC,2007-05-03,0.113
INTC,2007-08-03,0.113
INTC,2007-11-05,0.113
INTC,2008-02-05,0.128
INTC,2008-05-05,0.14
INTC,2008-08-05,0.14
INTC,2008-11-05,0.14
INTC,2009-02-04,0.14
INTC,2009-05-05,0.14
INTC,2009-08-05,0.14
INTC,2009-11-04,0.14
INTC,2010-02-03,0.158
INTC,2010-05-05,0.158
INTC,2010-08-04,0.158
INTC,2010-11-03,0.158
INTC,2011-02-03,0.181
INTC,2011-05-04,0.181
INTC,2011-08-03,0.21
INTC,2011-11-03,0.21
INTC,2012-02-03,0.21
INTC,2012-05-03,0.21
INTC,2012-08-03,0.225
INTC,2012-11-05,0.225
INTC,2013-02-05,0.225
INTC,2013-05-03,0.225
INTC,2013-08-05,0.225
INTC,2013-11-05,0.225
INTC,2014-02-05,0.225
INTC,2014-05-05,0.225
INTC,2014-08-05,0.225
INTC,2014-11-05,0.225
INTC,2015-02-04,0.24
INTC,2015-05-05,0.24
INTC,2015-08-05,0.24
INTC,2015-11-04,0.24
INTC,2016-02-03,0.26
INTC,2016-05-04,0.26
INTC,2016-08-03,0.26
INTC,2016-11-03,0.26
INTC,2017-02-03,0.26
INTC,2017-05-03,0.273
INTC,2017-08-03,0.273
INTC,2017-11-06,0.273
INTC,2018-02-06,0.3
INTC,2018-05-04,0.3
INTC,2018-08-06,0.3
INTC,2018-11-06,0.3
INTC,2019-02-06,0.315
INTC,2019-05-06,0.315
INTC,2019-08-06,0.315
INTC,2019-11-06,0.315
INTC,2020-02-06,0.33
INTC,2020-05-06,0.33
INTC,2020-08-06,0.33
INTC,2020-11-05,0.33
INTC,2021-02-04,0.348
INTC,2021-05-06,0.348
INTC,2021-08-05,0.348
INTC,2021-11-04,0.348
INTC,2022-02-04,0.365
INTC,2022-05-05,0.365
INTC,2022-08-04,0.365
INTC,2022-11-04,0.365
INTC,2023-02-06,0.365
INTC,2023-05-04,0.125
INTC,2023-08-04,0.125
INTC,2023-11-06,0.125
INTC,2024-02-06,0.125
INTC,2024-05-06,0.125
INTC,2024-08-07,0.125
IWM,2006-09-26,0.231
IWM,2006-12-20,0.329
IWM,2007-03-23,0.154
IWM,2007-06-28,0.159
IWM,2007-09-25,0.195
IWM,2007-12-27,0.267
IWM,2008-03-24,0.11
IWM,2008-07-02,0.257
IWM,2008-09-24,0.15
IWM,2008-12-23,0.361
IWM,2009-03-24,0.141
IWM,2009-07-02,0.181
IWM,2009-09-22,0.145
IWM,2009-12-23,0.253
IWM,2010-03-24,0.172
IWM,2010-07-02,0.199
IWM,2010-09-23,0.165
IWM,2010-12-22,0.357
IWM,2011-03-24,0.169
IWM,2011-07-05,0.252
IWM,2011-09-23,0.25
IWM,2011-12-22,0.36
IWM,2012-03-23,0.251
IWM,2012-06-26,0.377
IWM,2012-09-24,0.332
IWM,2012-12-19,0.727
IWM,2013-03-25,0.264
IWM,2013-07-02,0.43
IWM,2013-09-24,0.283
IWM,2013-12-23,0.437
IWM,2014-03-25,0.302
IWM,2014-07-02,0.459
IWM,2014-09-24,0.305
IWM,2014-12-24,0.445
IWM,2015-03-25,0.383
IWM,2015-07-02,0.529
IWM,2015-09-25,0.324
IWM,2015-12-24,0.496
IWM,2016-03-23,0.327
IWM,2016-07-06,0.621
IWM,2016-09-26,0.344
IWM,2016-12-22,0.563
IWM,2017-03-24,0.387
IWM,2017-07-06,0.609
IWM,2017-09-26,0.349
IWM,2017-12-21,0.579
IWM,2018-03-22,0.362
IWM,2018-07-03,0.595
IWM,2018-09-26,0.45
IWM,2018-12-17,0.469
IWM,2019-03-20,0.412
IWM,2019-06-17,0.533
IWM,2019-09-24,0.544
IWM,2019-12-16,0.597
IWM,2020-03-25,0.42
IWM,2020-06-15,0.466
IWM,2020-09-23,0.566
IWM,2020-12-14,0.592
IWM,2021-03-25,0.398
IWM,2021-06-10,0.347
IWM,2021-09-24,0.679
IWM,2021-12-13,0.666
IWM,2022-03-24,0.4
IWM,2022-06-09,0.494
IWM,2022-09-26,0.861
IWM,2022-12-13,0.83
IWM,2023-03-23,0.631
IWM,2023-06-07,0.509
IWM,2023-09-26,0.829
IWM,2023-12-20,0.734
IWM,2024-03-21,0.522
IWM,2024-06-11,0.562
IWM,2024-09-25,0.752
IWM,2024-12-17,0.694
IWM,2025-03-18,0.46
IWM,2025-06-16,0.576
IWM,2025-09-16,0.677
IWM,2025-12-16,0.842
IWM,2026-03-17,0.442
IWM,2026-06-15,0.695
IWM,2026-09-15,0.75
JNJ,2006-11-24,0.375
JNJ,2007-02-23,0.375
JNJ,2007-05-24,0.415
JNJ,2007-08-24,0.415
JNJ,2007-11-23,0.415
JNJ,2008-02-22,0.415
JNJ,2008-05-22,0.46
JNJ,2008-08-22,0.46
JNJ,2008-11-21,0.46
JNJ,2009-02-20,0.46
JNJ,2009-05-21,0.49
JNJ,2009-08-21,0.49
JNJ,2009-11-20,0.49
JNJ,2010-02-19,0.49
JNJ,2010-05-27,0.54
JNJ,2010-08-27,0.54
JNJ,2010-11-26,0.54
JNJ,2011-02-25,0.54
JNJ,2011-05-26,0.57
JNJ,2011-08-26,0.57
JNJ,2011-11-25,0.57
JNJ,2012-02-24,0.57
JNJ,2012-05-24,0.61
JNJ,2012-08-24,0.61
JNJ,2012-11-23,0.61
JNJ,2013-02-22,0.61
JNJ,2013-05-23,0.66
JNJ,2013-08-23,0.66
JNJ,2013-11-22,0.66
JNJ,2014-02-21,0.66
JNJ,2014-05-22,0.7
JNJ,2014-08-22,0.7
JNJ,2014-11-21,0.7
JNJ,2015-02-20,0.7
JNJ,2015-05-21,0.75
JNJ,2015-08-21,0.75
JNJ,2015-11-20,0.75
JNJ,2016-02-19,0.75
JNJ,2016-05-20,0.8
JNJ,2016-08-19,0.8
JNJ,2016-11-18,0.8
JNJ,2017-02-24,0.8
JNJ,2017-05-25,0.84
JNJ,2017-08-25,0.84
JNJ,2017-11-27,0.84
JNJ,2018-02-26,0.84
JNJ,2018-05-25,0.9
JNJ,2018-08-27,0.9
JNJ,2018-11-26,0.9
JNJ,2019-02-25,0.9
JNJ,2019-05-24,0.95
JNJ,2019-08-26,0.95
JNJ,2019-11-25,0.95
JNJ,2020-02-24,0.95
JNJ,2020-05-22,1.01
JNJ,2020-08-24,1.01
JNJ,2020-11-23,1.01
JNJ,2021-02-22,1.01
JNJ,2021-05-24,1.06
JNJ,2021-08-23,1.06
JNJ,2021-11-22,1.06
JNJ,2022-02-18,1.06
JNJ,2022-05-23,1.13
JNJ,2022-08-22,1.13
JNJ,2022-11-21,1.13
JNJ,2023-02-17,1.13
JNJ,2023-05-22,1.19
JNJ,2023-08-25,1.19
JNJ,2023-11-20,1.19
JNJ,2024-02-16,1.19
JNJ,2024-05-20,1.24
JNJ,2024-08-27,1.24
JNJ,2024-11-26,1.24
JNJ,2025-02-18,1.24
JNJ,2025-05-27,1.3
JNJ,2025-08-26,1.3
JNJ,2025-11-25,1.3
JNJ,2026-02-24,1.3
JNJ,2026-05-26,1.34
JNJ,2026-08-25,1.34
JPM,2006-10-04,0.34
JPM,2007-01-03,0.34
JPM,2007-04-03,0.34
JPM,2007-07-03,0.38
JPM,2007-10-03,0.38
JPM,2008-01-02,0.38
JPM,2008-04-02,0.38
JPM,2008-07-01,0.38
JPM,2008-10-02,0.38
JPM,2009-01-02,0.38
JPM,2009-04-02,0.05
JPM,2009-07-01,0.05
JPM,2009-10-02,0.05
JPM,2010-01-04,0.05
JPM,2010-04-01,0.05
JPM,2010-07-01,0.05
JPM,2010-10-04,0.05
JPM,2011-01-04,0.05
JPM,2011-04-04,0.25
JPM,2011-07-01,0.25
JPM,2011-10-04,0.25
JPM,2012-01-04,0.25
JPM,2012-04-03,0.3
JPM,2012-07-03,0.3
JPM,2012-10-03,0.3
JPM,2013-01-02,0.3
JPM,2013-04-03,0.3
JPM,2013-07-02,0.38
JPM,2013-10-02,0.38
JPM,2014-01-02,0.38
JPM,2014-04-02,0.38
JPM,2014-07-01,0.4
JPM,2014-10-02,0.4
JPM,2015-01-02,0.4
JPM,2015-04-01,0.4
JPM,2015-07-01,0.44
JPM,2015-10-02,0.44
JPM,2016-01-04,0.44
JPM,2016-04-04,0.44
JPM,2016-07-01,0.48
JPM,2016-10-04,0.48
JPM,2017-01-04,0.48
JPM,2017-04-04,0.5
JPM,2017-07-03,0.5
JPM,2017-10-05,0.56
JPM,2018-01-04,0.56
JPM,2018-04-05,0.56
JPM,2018-07-05,0.56
JPM,2018-10-04,0.8
JPM,2019-01-03,0.8
JPM,2019-04-04,0.8
JPM,2019-07-03,0.8
JPM,2019-10-03,0.9
JPM,2020-01-03,0.9
JPM,2020-04-03,0.9
JPM,2020-07-02,0.9
JPM,2020-10-05,0.9
JPM,2021-01-05,0.9
JPM,2021-04-05,0.9
JPM,2021-07-02,0.9
JPM,2021-10-05,1.0
JPM,2022-01-05,1.0
JPM,2022-04-05,1.0
JPM,2022-07-05,1.0
JPM,2022-10-05,1.0
JPM,2023-01-05,1.0
JPM,2023-04-05,1.0
JPM,2023-07-05,1.0
JPM,2023-10-05,1.05
JPM,2024-01-04,1.05
JPM,2024-04-04,1.15
JPM,2024-07-05,1.15
JPM,2024-10-04,1.25
JPM,2025-01-06,1.25
JPM,2025-04-04,1.4
JPM,2025-07-03,1.4
JPM,2025-10-06,1.5
JPM,2026-01-06,1.5
JPM,2026-04-06,1.5
JPM,2026-07-06,1.5
KO,2006-11-29,0.155
KO,2007-03-13,0.17
KO,2007-06-13,0.17
KO,2007-09-12,0.17
KO,2007-11-28,0.17
KO,2008-03-12,0.19
KO,2008-06-11,0.19
KO,2008-09-11,0.19
KO,2008-11-26,0.19
KO,2009-03-11,0.205
KO,2009-06-11,0.205
KO,2009-09-11,0.205
KO,2009-11-27,0.205
KO,2010-03-11,0.22
KO,2010-06-11,0.22
KO,2010-09-13,0.22
KO,2010-11-29,0.22
KO,2011-03-11,0.235
KO,2011-06-13,0.235
KO,2011-09-13,0.235
KO,2011-11-29,0.235
KO,2012-03-13,0.255
KO,2012-06-13,0.255
KO,2012-09-12,0.255
KO,2012-11-28,0.255
KO,2013-03-13,0.28
KO,2013-06-12,0.28
KO,2013-09-12,0.28
KO,2013-11-27,0.28
KO,2014-03-12,0.305
KO,2014-06-12,0.305
KO,2014-09-11,0.305
KO,2014-11-26,0.305
KO,2015-03-12,0.33
KO,2015-06-11,0.33
KO,2015-09-11,0.33
KO,2015-11-27,0.33
KO,2016-03-11,0.35
KO,2016-06-13,0.35
KO,2016-09-13,0.35
KO,2016-11-29,0.35
KO,2017-03-13,0.37
KO,2017-06-13,0.37
KO,2017-09-14,0.37
KO,2017-11-30,0.37
KO,2018-03-14,0.39
KO,2018-06-14,0.39
KO,2018-09-13,0.39
KO,2018-11-29,0.39
KO,2019-03-14,0.4
KO,2019-06-13,0.4
KO,2019-09-13,0.4
KO,2019-11-29,0.4
KO,2020-03-13,0.41
KO,2020-06-12,0.41
KO,2020-09-14,0.41
KO,2020-11-30,0.41
KO,2021-03-12,0.42
KO,2021-06-14,0.42
KO,2021-09-14,0.42
KO,2021-11-30,0.42
KO,2022-03-14,0.44
KO,2022-06-14,0.44
KO,2022-09-15,0.44
KO,2022-11-30,0.44
KO,2023-03-16,0.46
KO,2023-06-15,0.46
KO,2023-09-14,0.46
KO,2023-11-30,0.46
KO,2024-03-14,0.485
KO,2024-06-14,0.485
KO,2024-09-13,0.485
KO,2024-11-29,0.485
KO,2025-03-14,0.51
KO,2025-06-13,0.51
KO,2025-09-15,0.51
KO,2025-12-01,0.51
KO,2026-03-13,0.53
KO,2026-06-15,0.53
KO,2026-09-15,0.53
LLY,2006-11-13,0.4
LLY,2007-02-13,0.425
LLY,2007-05-11,0.425
LLY,2007-08-13,0.425
LLY,2007-11-13,0.425
LLY,2008-02-13,0.47
LLY,2008-05-13,0.47
LLY,2008-08-13,0.47
LLY,2008-11-12,0.47
LLY,2009-02-11,0.49
LLY,2009-05-13,0.49
LLY,2009-08-12,0.49
LLY,2009-11-10,0.49
LLY,2010-02-10,0.49
LLY,2010-05-12,0.49
LLY,2010-08-11,0.49
LLY,2010-11-10,0.49
LLY,2011-02-11,0.49
LLY,2011-05-11,0.49
LLY,2011-08-11,0.49
LLY,2011-11-10,0.49
LLY,2012-02-13,0.49
LLY,2012-05-11,0.49
LLY,2012-08-13,0.49
LLY,2012-11-13,0.49
LLY,2013-02-13,0.49
LLY,2013-05-14,0.49
LLY,2013-08-13,0.49
LLY,2013-11-13,0.49
LLY,2014-02-12,0.49
LLY,2014-05-13,0.49
LLY,2014-08-13,0.49
LLY,2014-11-12,0.49
LLY,2015-02-11,0.5
LLY,2015-05-14,0.5
LLY,2015-08-12,0.5
LLY,2015-11-10,0.5
LLY,2016-02-10,0.51
LLY,2016-05-11,0.51
LLY,2016-08-11,0.51
LLY,2016-11-10,0.51
LLY,2017-02-13,0.52
LLY,2017-05-11,0.52
LLY,2017-08-11,0.52
LLY,2017-11-14,0.52
LLY,2018-02-14,0.563
LLY,2018-05-16,0.563
LLY,2018-08-14,0.563
LLY,2018-11-14,0.563
LLY,2019-02-14,0.645
LLY,2019-05-16,0.645
LLY,2019-08-14,0.645
LLY,2019-11-14,0.645
LLY,2020-02-13,0.74
LLY,2020-05-14,0.74
LLY,2020-08-13,0.74
LLY,2020-11-12,0.74
LLY,2021-02-11,0.85
LLY,2021-05-13,0.85
LLY,2021-08-12,0.85
LLY,2021-11-12,0.85
LLY,2022-02-14,0.98
LLY,2022-05-13,0.98
LLY,2022-08-12,0.98
LLY,2022-11-14,0.98
LLY,2023-02-14,1.13
LLY,2023-05-12,1.13
LLY,2023-08-14,1.13
LLY,2023-11-14,1.13
LLY,2024-02-14,1.3
LLY,2024-05-15,1.3
LLY,2024-08-15,1.3
LLY,2024-11-15,1.3
LLY,2025-02-14,1.5
LLY,2025-05-16,1.5
LLY,2025-08-15,1.5
LLY,2025-11-14,1.5
LLY,2026-02-13,1.73
LLY,2026-05-15,1.73
LLY,2026-08-14,1.73
MA,2006-10-05,0.009
MA,2007-01-10,0.009
MA,2007-04-04,0.015
MA,2007-06-29,0.015
MA,2007-10-17,0.015
MA,2008-01-09,0.015
MA,2008-04-07,0.015
MA,2008-07-09,0.015
MA,2008-10-08,0.015
MA,2009-01-07,0.015
MA,2009-04-08,0.015
MA,2009-07-08,0.015
MA,2009-10-07,0.015
MA,2010-01-06,0.015
MA,2010-04-07,0.015
MA,2010-07-01,0.015
MA,2010-10-07,0.015
MA,2011-01-06,0.015
MA,2011-04-06,0.015
MA,2011-07-06,0.015
MA,2011-10-05,0.015
MA,2012-01-05,0.015
MA,2012-04-04,0.03
MA,2012-07-05,0.03
MA,2012-10-05,0.03
MA,2013-01-07,0.03
MA,2013-04-05,0.06
MA,2013-07-05,0.06
MA,2013-10-07,0.06
MA,2014-01-07,0.11
MA,2014-04-07,0.11
MA,2014-07-07,0.11
MA,2014-10-07,0.11
MA,2015-01-07,0.16
MA,2015-04-07,0.16
MA,2015-07-07,0.16
MA,2015-10-07,0.16
MA,2016-01-06,0.19
MA,2016-04-06,0.19
MA,2016-07-06,0.19
MA,2016-10-05,0.19
MA,2017-01-05,0.22
MA,2017-04-05,0.22
MA,2017-07-05,0.22
MA,2017-10-05,0.22
MA,2018-01-08,0.25
MA,2018-04-06,0.25
MA,2018-07-06,0.25
MA,2018-10-05,0.25
MA,2019-01-08,0.33
MA,2019-04-08,0.33
MA,2019-07-08,0.33
MA,2019-10-08,0.33
MA,2020-01-08,0.4
MA,2020-04-08,0.4
MA,2020-07-08,0.4
MA,2020-10-08,0.4
MA,2021-01-07,0.44
MA,2021-04-08,0.44
MA,2021-07-08,0.44
MA,2021-10-07,0.44
MA,2022-01-06,0.49
MA,2022-04-07,0.49
MA,2022-07-07,0.49
MA,2022-10-06,0.49
MA,2023-01-06,0.57
MA,2023-04-05,0.57
MA,2023-07-06,0.57
MA,2023-10-05,0.57
MA,2024-01-08,0.66
MA,2024-04-08,0.66
MA,2024-07-09,0.66
MA,2024-10-09,0.66
MA,2025-01-10,0.76
MA,2025-04-09,0.76
MA,2025-07-09,0.76
MA,2025-10-09,0.76
MA,2026-01-09,0.87
MA,2026-04-09,0.87
MA,2026-07-09,0.87
MCD,2006-11-13,1.0
MCD,2007-11-13,1.5
MCD,2008-02-28,0.375
MCD,2008-06-05,0.375
MCD,2008-08-28,0.375
MCD,2008-11-26,0.5
MCD,2009-02-26,0.5
MCD,2009-06-04,0.5
MCD,2009-08-28,0.5
MCD,2009-11-27,0.55
MCD,2010-02-25,0.55
MCD,2010-05-27,0.55
MCD,2010-08-30,0.55
MCD,2010-11-29,0.61
MCD,2011-02-25,0.61
MCD,2011-05-27,0.61
MCD,2011-08-30,0.61
MCD,2011-11-29,0.7
MCD,2012-02-28,0.7
MCD,2012-05-31,0.7
MCD,2012-08-30,0.7
MCD,2012-11-29,0.77
MCD,2013-02-27,0.77
MCD,2013-05-30,0.77
MCD,2013-08-29,0.77
MCD,2013-11-27,0.81
MCD,2014-02-27,0.81
MCD,2014-05-29,0.81
MCD,2014-08-28,0.81
MCD,2014-11-26,0.85
MCD,2015-02-26,0.85
MCD,2015-05-28,0.85
MCD,2015-08-28,0.85
MCD,2015-11-27,0.89
MCD,2016-02-26,0.89
MCD,2016-06-02,0.89
MCD,2016-08-30,0.89
MCD,2016-11-29,0.94
MCD,2017-02-27,0.94
MCD,2017-06-01,0.94
MCD,2017-08-30,0.94
MCD,2017-11-30,1.01
MCD,2018-02-28,1.01
MCD,2018-06-01,1.01
MCD,2018-08-31,1.01
MCD,2018-11-30,1.16
MCD,2019-02-28,1.16
MCD,2019-05-31,1.16
MCD,2019-08-30,1.16
MCD,2019-11-29,1.25
MCD,2020-02-28,1.25
MCD,2020-05-29,1.25
MCD,2020-08-31,1.25
MCD,2020-11-30,1.29
MCD,2021-02-26,1.29
MCD,2021-05-28,1.29
MCD,2021-08-31,1.29
MCD,2021-11-30,1.38
MCD,2022-02-28,1.38
MCD,2022-06-03,1.38
MCD,2022-08-31,1.38
MCD,2022-11-30,1.52
MCD,2023-02-28,1.52
MCD,2023-06-02,1.52
MCD,2023-08-31,1.52
MCD,2023-11-30,1.67
MCD,2024-02-29,1.67
MCD,2024-06-03,1.67
MCD,2024-09-03,1.67
MCD,2024-12-02,1.77
MCD,2025-03-03,1.77
MCD,2025-06-02,1.77
MCD,2025-09-02,1.77
MCD,2025-12-01,1.86
MCD,2026-03-03,1.86
MCD,2026-06-02,1.86
MCD,2026-09-01,1.86
META,2024-02-21,0.5
META,2024-06-14,0.5
META,2024-09-16,0.5
META,2024-12-16,0.5
META,2025-03-14,0.525
META,2025-06-16,0.525
META,2025-09-22,0.525
META,2025-12-15,0.525
META,2026-03-16,0.525
META,2026-06-15,0.525
MRK,2006-12-06,0.362595
MRK,2007-03-07,0.362595
MRK,2007-06-06,0.362595
MRK,2007-09-05,0.362595
MRK,2007-12-05,0.362595
MRK,2008-03-05,0.362595
MRK,2008-06-04,0.362595
MRK,2008-09-03,0.362595
MRK,2008-12-03,0.362595
MRK,2009-03-04,0.362595
MRK,2009-06-04,0.362595
MRK,2009-09-02,0.362595
MRK,2009-12-11,0.362595
MRK,2010-03-11,0.362595
MRK,2010-06-11,0.362595
MRK,2010-09-13,0.362595
MRK,2010-12-13,0.362595
MRK,2011-03-11,0.362595
MRK,2011-06-13,0.362595
MRK,2011-09-13,0.362595
MRK,2011-12-13,0.400763
MRK,2012-03-13,0.400763
MRK,2012-06-13,0.400763
MRK,2012-09-13,0.400763
MRK,2012-12-13,0.410305
MRK,2013-03-13,0.410305
MRK,2013-06-13,0.410305
MRK,2013-09-12,0.410305
MRK,2013-12-12,0.419847
MRK,2014-03-13,0.419847
MRK,2014-06-12,0.419847
MRK,2014-09-11,0.419847
MRK,2014-12-11,0.429389
MRK,2015-03-12,0.429389
MRK,2015-06-11,0.429389
MRK,2015-09-11,0.429389
MRK,2015-12-11,0.438931
MRK,2016-03-11,0.438931
MRK,2016-06-13,0.438931
MRK,2016-09-13,0.438931
MRK,2016-12-13,0.448473
MRK,2017-03-13,0.448473
MRK,2017-06-13,0.448473
MRK,2017-09-14,0.448473
MRK,2017-12-14,0.458015
MRK,2018-03-14,0.458015
MRK,2018-06-14,0.458015
MRK,2018-09-14,0.458015
MRK,2018-12-14,0.524809
MRK,2019-03-14,0.524809
MRK,2019-06-14,0.524809
MRK,2019-09-13,0.524809
MRK,2019-12-13,0.582061
MRK,2020-03-13,0.582061
MRK,2020-06-12,0.582061
MRK,2020-09-14,0.582061
MRK,2020-12-14,0.620229
MRK,2021-03-12,0.620229
MRK,2021-06-14,0.65
MRK,2021-09-14,0.65
MRK,2021-12-14,0.69
MRK,2022-03-14,0.69
MRK,2022-06-14,0.69
MRK,2022-09-14,0.69
MRK,2022-12-14,0.73
MRK,2023-03-14,0.73
MRK,2023-06-14,0.73
MRK,2023-09-14,0.73
MRK,2023-12-14,0.77
MRK,2024-03-14,0.77
MRK,2024-06-17,0.77
MRK,2024-09-16,0.77
MRK,2024-12-16,0.81
MRK,2025-03-17,0.81
MRK,2025-06-16,0.81
MRK,2025-09-15,0.81
MRK,2025-12-15,0.85
MRK,2026-03-16,0.85
MRK,2026-06-15,0.85
MRK,2026-09-15,0.85
MSFT,2006-11-14,0.1
MSFT,2007-02-13,0.1
MSFT,2007-05-15,0.1
MSFT,2007-08-14,0.1
MSFT,2007-11-13,0.11
MSFT,2008-02-19,0.11
MSFT,2008-05-13,0.11
MSFT,2008-08-19,0.11
MSFT,2008-11-18,0.13
MSFT,2009-02-17,0.13
MSFT,2009-05-19,0.13
MSFT,2009-08-18,0.13
MSFT,2009-11-17,0.13
MSFT,2010-02-16,0.13
MSFT,2010-05-18,0.13
MSFT,2010-08-17,0.13
MSFT,2010-11-16,0.16
MSFT,2011-02-15,0.16
MSFT,2011-05-17,0.16
MSFT,2011-08-16,0.16
MSFT,2011-11-15,0.2
MSFT,2012-02-14,0.2
MSFT,2012-05-15,0.2
MSFT,2012-08-14,0.2
MSFT,2012-11-13,0.23
MSFT,2013-02-19,0.23
MSFT,2013-05-14,0.23
MSFT,2013-08-13,0.23
MSFT,2013-11-19,0.28
MSFT,2014-02-18,0.28
MSFT,2014-05-13,0.28
MSFT,2014-08-19,0.28
MSFT,2014-11-18,0.31
MSFT,2015-02-17,0.31
MSFT,2015-05-19,0.31
MSFT,2015-08-18,0.31
MSFT,2015-11-17,0.36
MSFT,2016-02-16,0.36
MSFT,2016-05-17,0.36
MSFT,2016-08-16,0.36
MSFT,2016-11-15,0.39
MSFT,2017-02-14,0.39
MSFT,2017-05-16,0.39
MSFT,2017-08-15,0.39
MSFT,2017-11-15,0.42
MSFT,2018-02-14,0.42
MSFT,2018-05-16,0.42
MSFT,2018-08-15,0.42
MSFT,2018-11-14,0.46
MSFT,2019-02-20,0.46
MSFT,2019-05-15,0.46
MSFT,2019-08-14,0.46
MSFT,2019-11-20,0.51
MSFT,2020-02-19,0.51
MSFT,2020-05-20,0.51
MSFT,2020-08-19,0.51
MSFT,2020-11-18,0.56
MSFT,2021-02-17,0.56
MSFT,2021-05-19,0.56
MSFT,2021-08-18,0.56
MSFT,2021-11-17,0.62
MSFT,2022-02-16,0.62
MSFT,2022-05-18,0.62
MSFT,2022-08-17,0.62
MSFT,2022-11-16,0.68
MSFT,2023-02-15,0.68
MSFT,2023-05-17,0.68
MSFT,2023-08-16,0.68
MSFT,2023-11-15,0.75
MSFT,2024-02-14,0.75
MSFT,2024-05-15,0.75
MSFT,2024-08-15,0.75
MSFT,2024-11-21,0.83
MSFT,2025-02-20,0.83
MSFT,2025-05-15,0.83
MSFT,2025-08-21,0.83
MSFT,2025-11-20,0.91
MSFT,2026-02-19,0.91
MSFT,2026-05-21,0.91
MSFT,2026-08-20,0.91
MU,2021-09-30,0.1
MU,2021-12-31,0.1
MU,2022-04-08,0.1
MU,2022-07-08,0.115
MU,2022-10-07,0.115
MU,2022-12-30,0.115
MU,2023-04-06,0.115
MU,2023-07-07,0.115
MU,2023-10-06,0.115
MU,2023-12-29,0.115
MU,2024-03-28,0.115
MU,2024-07-08,0.115
MU,2024-10-07,0.115
MU,2024-12-30,0.115
MU,2025-03-31,0.115
MU,2025-07-07,0.115
MU,2025-10-03,0.115
MU,2025-12-29,0.115
MU,2026-03-30,0.15
MU,2026-07-06,0.15
NKE,2006-12-07,0.023125
NKE,2007-03-08,0.023125
NKE,2007-06-07,0.04625
NKE,2007-09-06,0.04625
NKE,2007-12-06,0.0575
NKE,2008-03-06,0.0575
NKE,2008-06-05,0.0575
NKE,2008-09-04,0.0575
NKE,2008-12-04,0.0625
NKE,2009-03-05,0.0625
NKE,2009-06-04,0.0625
NKE,2009-09-03,0.0625
NKE,2009-12-03,0.0675
NKE,2010-03-04,0.0675
NKE,2010-06-03,0.0675
NKE,2010-09-02,0.0675
NKE,2010-12-02,0.0775
NKE,2011-03-03,0.0775
NKE,2011-06-02,0.0775
NKE,2011-09-01,0.0775
NKE,2011-12-01,0.09
NKE,2012-03-01,0.09
NKE,2012-05-31,0.09
NKE,2012-08-30,0.09
NKE,2012-12-06,0.105
NKE,2013-02-28,0.105
NKE,2013-05-30,0.105
NKE,2013-08-29,0.105
NKE,2013-12-12,0.12
NKE,2014-02-27,0.12
NKE,2014-05-29,0.12
NKE,2014-08-28,0.12
NKE,2014-12-11,0.14
NKE,2015-02-26,0.14
NKE,2015-05-28,0.14
NKE,2015-09-03,0.14
NKE,2015-12-07,0.16
NKE,2016-03-03,0.16
NKE,2016-06-02,0.16
NKE,2016-09-01,0.16
NKE,2016-12-01,0.18
NKE,2017-03-02,0.18
NKE,2017-06-01,0.18
NKE,2017-08-31,0.18
NKE,2017-12-01,0.2
NKE,2018-03-02,0.2
NKE,2018-06-01,0.2
NKE,2018-08-31,0.2
NKE,2018-11-30,0.22
NKE,2019-03-01,0.22
NKE,2019-05-31,0.22
NKE,2019-08-30,0.22
NKE,2019-11-29,0.245
NKE,2020-02-28,0.245
NKE,2020-05-29,0.245
NKE,2020-08-28,0.245
NKE,2020-12-04,0.275
NKE,2021-02-26,0.275
NKE,2021-05-28,0.275
NKE,2021-08-27,0.275
NKE,2021-12-03,0.305
NKE,2022-03-04,0.305
NKE,2022-06-03,0.305
NKE,2022-09-02,0.305
NKE,2022-12-02,0.34
NKE,2023-03-03,0.34
NKE,2023-06-02,0.34
NKE,2023-09-01,0.34
NKE,2023-12-01,0.37
NKE,2024-03-01,0.37
NKE,2024-06-03,0.37
NKE,2024-09-03,0.37
NKE,2024-12-02,0.4
NKE,2025-03-03,0.4
NKE,2025-06-02,0.4
NKE,2025-09-02,0.4
NKE,2025-12-01,0.41
NKE,2026-03-02,0.41
NKE,2026-06-01,0.41
NKE,2026-09-01,0.41
NVDA,2012-11-20,0.001875
NVDA,2013-02-26,0.001875
NVDA,2013-05-21,0.001875
NVDA,2013-08-20,0.001875
NVDA,2013-11-19,0.002125
NVDA,2014-02-25,0.002125
NVDA,2014-05-20,0.002125
NVDA,2014-08-19,0.002125
NVDA,2014-11-19,0.002125
NVDA,2015-02-24,0.002125
NVDA,2015-05-19,0.00245
NVDA,2015-08-18,0.00245
NVDA,2015-11-18,0.002875
NVDA,2016-02-29,0.002875
NVDA,2016-05-24,0.002875
NVDA,2016-08-23,0.002875
NVDA,2016-11-23,0.0035
NVDA,2017-02-22,0.0035
NVDA,2017-05-19,0.0035
NVDA,2017-08-22,0.0035
NVDA,2017-11-22,0.00375
NVDA,2018-02-22,0.00375
NVDA,2018-05-23,0.00375
NVDA,2018-08-29,0.00375
NVDA,2018-11-29,0.004
NVDA,2019-02-28,0.004
NVDA,2019-05-30,0.004
NVDA,2019-08-28,0.004
NVDA,2019-11-27,0.004
NVDA,2020-02-27,0.004
NVDA,2020-06-04,0.004
NVDA,2020-09-01,0.004
NVDA,2020-12-03,0.004
NVDA,2021-03-09,0.004
NVDA,2021-06-09,0.004
NVDA,2021-08-31,0.004
NVDA,2021-12-01,0.004
NVDA,2022-03-02,0.004
NVDA,2022-06-08,0.004
NVDA,2022-09-07,0.004
NVDA,2022-11-30,0.004
NVDA,2023-03-07,0.004
NVDA,2023-06-07,0.004
NVDA,2023-09-06,0.004
NVDA,2023-12-05,0.004
NVDA,2024-03-05,0.004
NVDA,2024-06-11,0.01
NVDA,2024-09-12,0.01
NVDA,2024-12-05,0.01
NVDA,2025-03-12,0.01
NVDA,2025-06-11,0.01
NVDA,2025-09-11,0.01
NVDA,2025-12-04,0.01
NVDA,2026-03-11,0.01
NVDA,2026-06-04,0.25
NVDA,2026-09-10,0.25
ORCL,2009-04-06,0.05
ORCL,2009-07-13,0.05
ORCL,2009-10-09,0.05
ORCL,2010-01-14,0.05
ORCL,2010-04-12,0.05
ORCL,2010-07-12,0.05
ORCL,2010-10-04,0.05
ORCL,2011-01-14,0.05
ORCL,2011-04-11,0.06
ORCL,2011-07-11,0.06
ORCL,2011-10-07,0.06
ORCL,2012-01-09,0.06
ORCL,2012-04-09,0.06
ORCL,2012-07-11,0.06
ORCL,2012-10-10,0.06
ORCL,2012-12-12,0.18
ORCL,2013-07-10,0.12
ORCL,2013-10-04,0.12
ORCL,2014-01-03,0.12
ORCL,2014-04-04,0.12
ORCL,2014-07-07,0.12
ORCL,2014-10-06,0.12
ORCL,2015-01-05,0.12
ORCL,2015-04-02,0.15
ORCL,2015-07-06,0.15
ORCL,2015-10-09,0.15
ORCL,2016-01-04,0.15
ORCL,2016-04-12,0.15
ORCL,2016-07-01,0.15
ORCL,2016-10-07,0.15
ORCL,2017-01-03,0.15
ORCL,2017-04-10,0.19
ORCL,2017-07-17,0.19
ORCL,2017-10-10,0.19
ORCL,2018-01-09,0.19
ORCL,2018-04-16,0.19
ORCL,2018-07-16,0.19
ORCL,2018-10-15,0.19
ORCL,2019-01-15,0.19
ORCL,2019-04-10,0.24
ORCL,2019-07-16,0.24
ORCL,2019-10-09,0.24
ORCL,2020-01-08,0.24
ORCL,2020-04-08,0.24
ORCL,2020-07-14,0.24
ORCL,2020-10-07,0.24
ORCL,2021-01-06,0.24
ORCL,2021-04-07,0.32
ORCL,2021-07-14,0.32
ORCL,2021-10-08,0.32
ORCL,2022-01-06,0.32
ORCL,2022-04-07,0.32
ORCL,2022-07-11,0.32
ORCL,2022-10-11,0.32
ORCL,2023-01-09,0.32
ORCL,2023-04-10,0.4
ORCL,2023-07-11,0.4
ORCL,2023-10-11,0.4
ORCL,2024-01-10,0.4
ORCL,2024-04-09,0.4
ORCL,2024-07-11,0.4
ORCL,2024-10-10,0.4
ORCL,2025-01-10,0.4
ORCL,2025-04-10,0.5
ORCL,2025-07-10,0.5
ORCL,2025-10-09,0.5
ORCL,2026-01-09,0.5
ORCL,2026-04-09,0.5
ORCL,2026-07-10,0.5
PEP,2006-12-06,0.3
PEP,2007-03-07,0.3
PEP,2007-06-06,0.375
PEP,2007-09-05,0.375
PEP,2007-12-05,0.375
PEP,2008-03-05,0.375
PEP,2008-06-04,0.425
PEP,2008-09-03,0.425
PEP,2008-12-03,0.425
PEP,2009-03-04,0.425
PEP,2009-06-03,0.45
PEP,2009-09-02,0.45
PEP,2009-12-02,0.45
PEP,2010-03-03,0.45
PEP,2010-06-02,0.48
PEP,2010-09-01,0.48
PEP,2010-12-01,0.48
PEP,2011-03-02,0.48
PEP,2011-06-01,0.515
PEP,2011-08-31,0.515
PEP,2011-11-30,0.515
PEP,2012-02-29,0.515
PEP,2012-05-30,0.538
PEP,2012-09-05,0.538
PEP,2012-12-05,0.537
PEP,2013-02-27,0.537
PEP,2013-06-05,0.568
PEP,2013-09-04,0.568
PEP,2013-12-04,0.568
PEP,2014-03-05,0.568
PEP,2014-06-04,0.655
PEP,2014-09-03,0.655
PEP,2014-12-03,0.655
PEP,2015-03-04,0.655
PEP,2015-06-03,0.703
PEP,2015-09-02,0.703
PEP,2015-12-02,0.703
PEP,2016-03-02,0.703
PEP,2016-06-01,0.753
PEP,2016-08-31,0.753
PEP,2016-11-30,0.753
PEP,2017-03-01,0.753
PEP,2017-05-31,0.805
PEP,2017-08-30,0.805
PEP,2017-11-30,0.805
PEP,2018-03-01,0.805
PEP,2018-05-31,0.928
PEP,2018-09-06,0.928
PEP,2018-12-06,0.928
PEP,2019-02-28,0.928
PEP,2019-06-06,0.955
PEP,2019-09-05,0.955
PEP,2019-12-05,0.955
PEP,2020-03-05,0.955
PEP,2020-06-04,1.023
PEP,2020-09-03,1.023
PEP,2020-12-03,1.023
PEP,2021-03-04,1.023
PEP,2021-06-03,1.075
PEP,2021-09-02,1.075
PEP,2021-12-02,1.075
PEP,2022-03-03,1.075
PEP,2022-06-02,1.15
PEP,2022-09-01,1.15
PEP,2022-12-01,1.15
PEP,2023-03-02,1.15
PEP,2023-06-01,1.265
PEP,2023-08-31,1.265
PEP,2023-11-30,1.265
PEP,2024-02-29,1.265
PEP,2024-06-07,1.355
PEP,2024-09-06,1.355
PEP,2024-12-06,1.355
PEP,2025-03-07,1.355
PEP,2025-06-06,1.423
PEP,2025-09-05,1.423
PEP,2025-12-05,1.423
PEP,2026-03-06,1.423
PEP,2026-06-05,1.48
PEP,2026-09-04,1.48
PFE,2006-11-08,0.227704
PFE,2007-02-07,0.275142
PFE,2007-05-09,0.275142
PFE,2007-08-08,0.275142
PFE,2007-11-07,0.275142
PFE,2008-02-06,0.303605
PFE,2008-05-07,0.303605
PFE,2008-08-06,0.303605
PFE,2008-11-05,0.303605
PFE,2009-02-04,0.303605
PFE,2009-05-06,0.151803
PFE,2009-08-05,0.151803
PFE,2009-11-04,0.151803
PFE,2010-02-03,0.170778
PFE,2010-05-05,0.170778
PFE,2010-08-04,0.170778
PFE,2010-11-04,0.170778
PFE,2011-02-02,0.189753
PFE,2011-05-11,0.189753
PFE,2011-08-03,0.189753
PFE,2011-11-08,0.189753
PFE,2012-02-01,0.208729
PFE,2012-05-09,0.208729
PFE,2012-08-01,0.208729
PFE,2012-11-07,0.208729
PFE,2013-01-30,0.227704
PFE,2013-05-08,0.227704
PFE,2013-07-31,0.227704
PFE,2013-11-06,0.227704
PFE,2014-02-05,0.246679
PFE,2014-05-07,0.246679
PFE,2014-07-30,0.246679
PFE,2014-11-05,0.246679
PFE,2015-02-04,0.265655
PFE,2015-05-06,0.265655
PFE,2015-08-05,0.265655
PFE,2015-11-04,0.265655
PFE,2016-02-03,0.28463
PFE,2016-05-11,0.28463
PFE,2016-08-03,0.28463
PFE,2016-11-08,0.28463
PFE,2017-02-01,0.303605
PFE,2017-05-10,0.303605
PFE,2017-08-02,0.303605
PFE,2017-11-09,0.303605
PFE,2018-02-01,0.322581
PFE,2018-05-10,0.322581
PFE,2018-08-02,0.322581
PFE,2018-11-08,0.322581
PFE,2019-01-31,0.341556
PFE,2019-05-09,0.341556
PFE,2019-08-01,0.341556
PFE,2019-11-07,0.341556
PFE,2020-01-30,0.360531
PFE,2020-05-07,0.360531
PFE,2020-07-30,0.360531
PFE,2020-11-05,0.360531
PFE,2021-01-28,0.39
PFE,2021-05-06,0.39
PFE,2021-07-29,0.39
PFE,2021-11-04,0.39
PFE,2022-01-27,0.4
PFE,2022-05-12,0.4
PFE,2022-07-28,0.4
PFE,2022-11-03,0.4
PFE,2023-01-26,0.41
PFE,2023-05-11,0.41
PFE,2023-07-27,0.41
PFE,2023-11-09,0.41
PFE,2024-01-25,0.42
PFE,2024-05-09,0.42
PFE,2024-07-26,0.42
PFE,2024-11-08,0.42
PFE,2025-01-24,0.43
PFE,2025-05-09,0.43
PFE,2025-07-25,0.43
PFE,2025-11-07,0.43
PFE,2026-01-23,0.43
PFE,2026-05-08,0.43
PFE,2026-07-24,0.43
PYPL,2025-11-19,0.14
PYPL,2026-03-04,0.14
PYPL,2026-06-04,0.14
PYPL,2026-09-04,0.14
QCOM,2006-12-05,0.12
QCOM,2007-02-28,0.12
QCOM,2007-05-30,0.14
QCOM,2007-08-29,0.14
QCOM,2007-12-05,0.14
QCOM,2008-02-27,0.14
QCOM,2008-05-28,0.16
QCOM,2008-08-27,0.16
QCOM,2008-12-09,0.16
QCOM,2009-02-25,0.16
QCOM,2009-05-27,0.17
QCOM,2009-08-26,0.17
QCOM,2009-11-23,0.17
QCOM,2010-02-24,0.17
QCOM,2010-05-26,0.19
QCOM,2010-08-25,0.19
QCOM,2010-11-22,0.19
QCOM,2011-02-23,0.19
QCOM,2011-05-25,0.215
QCOM,2011-08-24,0.215
QCOM,2011-11-21,0.215
QCOM,2012-02-29,0.215
QCOM,2012-05-30,0.25
QCOM,2012-09-05,0.25
QCOM,2012-12-05,0.25
QCOM,2013-03-06,0.25
QCOM,2013-06-03,0.35
QCOM,2013-08-30,0.35
QCOM,2013-11-27,0.35
QCOM,2014-03-03,0.35
QCOM,2014-06-02,0.42
QCOM,2014-08-29,0.42
QCOM,2014-11-26,0.42
QCOM,2015-03-02,0.42
QCOM,2015-06-01,0.48
QCOM,2015-08-31,0.48
QCOM,2015-11-27,0.48
QCOM,2016-02-29,0.48
QCOM,2016-05-27,0.53
QCOM,2016-08-29,0.53
QCOM,2016-11-28,0.53
QCOM,2017-02-27,0.53
QCOM,2017-05-26,0.57
QCOM,2017-08-28,0.57
QCOM,2017-11-28,0.57
QCOM,2018-02-27,0.57
QCOM,2018-05-29,0.62
QCOM,2018-09-04,0.62
QCOM,2018-12-06,0.62
QCOM,2019-03-06,0.62
QCOM,2019-06-05,0.62
QCOM,2019-09-11,0.62
QCOM,2019-12-04,0.62
QCOM,2020-03-04,0.62
QCOM,2020-06-03,0.65
QCOM,2020-09-02,0.65
QCOM,2020-12-02,0.65
QCOM,2021-03-03,0.65
QCOM,2021-06-02,0.68
QCOM,2021-09-01,0.68
QCOM,2021-12-01,0.68
QCOM,2022-03-02,0.68
QCOM,2022-06-01,0.75
QCOM,2022-08-31,0.75
QCOM,2022-11-30,0.75
QCOM,2023-03-01,0.75
QCOM,2023-05-31,0.8
QCOM,2023-08-30,0.8
QCOM,2023-11-29,0.8
QCOM,2024-02-28,0.8
QCOM,2024-05-30,0.85
QCOM,2024-09-05,0.85
QCOM,2024-12-05,0.85
QCOM,2025-03-06,0.85
QCOM,2025-06-05,0.89
QCOM,2025-09-04,0.89
QCOM,2025-12-04,0.89
QCOM,2026-03-05,0.89
QCOM,2026-06-04,0.92
QCOM,2026-09-03,0.92
QQQ,2006-12-15,0.054
QQQ,2007-03-16,0.027
QQQ,2007-06-15,0.037
QQQ,2007-09-21,0.026
QQQ,2007-12-21,0.053
QQQ,2008-03-20,0.033
QQQ,2008-06-20,0.034
QQQ,2008-09-19,0.028
QQQ,2008-12-19,0.043
QQQ,2009-03-20,0.049
QQQ,2009-06-19,0.044
QQQ,2009-09-18,0.041
QQQ,2009-12-18,0.073
QQQ,2010-03-19,0.051
QQQ,2010-06-18,0.089
QQQ,2010-06-25,0.089
QQQ,2010-09-17,0.112
QQQ,2010-12-17,0.108
QQQ,2011-03-18,0.077
QQQ,2011-06-17,0.121
QQQ,2011-09-16,0.104
QQQ,2011-12-16,0.161
QQQ,2011-12-27,0.049
QQQ,2012-03-16,0.113
QQQ,2012-06-15,0.143
QQQ,2012-09-21,0.2
QQQ,2012-12-21,0.367
QQQ,2013-03-15,0.159
QQQ,2013-06-21,0.224
QQQ,2013-09-20,0.238
QQQ,2013-12-20,0.272
QQQ,2014-02-27,0.373
QQQ,2014-03-21,0.206
QQQ,2014-06-20,0.249
QQQ,2014-09-19,0.238
QQQ,2014-12-19,0.387
QQQ,2015-03-20,0.248
QQQ,2015-06-19,0.254
QQQ,2015-09-18,0.26
QQQ,2015-12-18,0.342
QQQ,2016-03-18,0.318
QQQ,2016-06-17,0.287
QQQ,2016-09-16,0.294
QQQ,2016-12-16,0.355
QQQ,2017-03-17,0.274
QQQ,2017-06-16,0.378
QQQ,2017-09-18,0.319
QQQ,2017-12-18,0.329
QQQ,2018-03-19,0.277
QQQ,2018-06-18,0.378
QQQ,2018-09-24,0.33
QQQ,2018-12-24,0.421
QQQ,2019-03-18,0.324
QQQ,2019-06-24,0.416
QQQ,2019-09-23,0.384
QQQ,2019-12-23,0.458
QQQ,2020-03-23,0.363
QQQ,2020-06-22,0.424
QQQ,2020-12-21,0.561
QQQ,2021-03-22,0.395
QQQ,2021-06-21,0.397
QQQ,2021-09-20,0.414
QQQ,2021-12-20,0.491
QQQ,2022-03-21,0.434
QQQ,2022-06-21,0.527
QQQ,2022-09-19,0.519
QQQ,2022-12-19,0.655
QQQ,2023-03-20,0.472
QQQ,2023-06-20,0.504
QQQ,2023-09-18,0.536
QQQ,2023-12-18,0.808
QQQ,2023-12-27,0.216
QQQ,2024-03-18,0.573
QQQ,2024-06-24,0.762
QQQ,2024-09-23,0.677
QQQ,2024-12-23,0.835
QQQ,2025-03-24,0.716
QQQ,2025-06-23,0.591
QQQ,2025-09-22,0.694
QQQ,2025-12-22,0.794
QQQ,2026-03-23,0.733
QQQ,2026-06-22,0.813
SBUX,2010-04-05,0.05
SBUX,2010-08-02,0.065
SBUX,2010-11-16,0.065
SBUX,2011-02-07,0.065
SBUX,2011-05-09,0.065
SBUX,2011-08-08,0.065
SBUX,2011-11-15,0.085
SBUX,2012-02-06,0.085
SBUX,2012-05-07,0.085
SBUX,2012-08-06,0.085
SBUX,2012-11-13,0.105
SBUX,2013-02-05,0.105
SBUX,2013-05-07,0.105
SBUX,2013-08-06,0.105
SBUX,2013-11-12,0.13
SBUX,2014-02-04,0.13
SBUX,2014-05-06,0.13
SBUX,2014-08-05,0.13
SBUX,2014-11-10,0.16
SBUX,2015-02-03,0.16
SBUX,2015-05-05,0.16
SBUX,2015-08-04,0.16
SBUX,2015-11-09,0.2
SBUX,2016-02-02,0.2
SBUX,2016-05-03,0.2
SBUX,2016-08-02,0.2
SBUX,2016-11-15,0.25
SBUX,2017-02-07,0.25
SBUX,2017-05-09,0.25
SBUX,2017-08-08,0.25
SBUX,2017-11-15,0.3
SBUX,2018-02-07,0.3
SBUX,2018-05-09,0.3
SBUX,2018-08-08,0.36
SBUX,2018-11-14,0.36
SBUX,2019-02-06,0.36
SBUX,2019-05-08,0.36
SBUX,2019-08-07,0.36
SBUX,2019-11-12,0.41
SBUX,2020-02-05,0.41
SBUX,2020-05-07,0.41
SBUX,2020-08-06,0.41
SBUX,2020-11-10,0.45
SBUX,2021-02-17,0.45
SBUX,2021-05-12,0.45
SBUX,2021-08-11,0.45
SBUX,2021-11-10,0.49
SBUX,2022-02-10,0.49
SBUX,2022-05-12,0.49
SBUX,2022-08-11,0.49
SBUX,2022-11-09,0.53
SBUX,2023-02-09,0.53
SBUX,2023-05-11,0.53
SBUX,2023-08-10,0.53
SBUX,2023-11-09,0.57
SBUX,2024-02-08,0.57
SBUX,2024-05-16,0.57
SBUX,2024-08-16,0.57
SBUX,2024-11-15,0.61
SBUX,2025-02-14,0.61
SBUX,2025-05-16,0.61
SBUX,2025-08-15,0.61
SBUX,2025-11-14,0.62
SBUX,2026-02-13,0.62
SBUX,2026-05-15,0.62
SBUX,2026-08-14,0.62
SPY,2006-12-15,0.793
SPY,2007-03-16,0.551
SPY,2007-06-15,0.656
SPY,2007-09-21,0.719
SPY,2007-12-21,0.775
SPY,2008-03-20,0.642
SPY,2008-06-20,0.669
SPY,2008-09-19,0.691
SPY,2008-12-19,0.719
SPY,2009-03-20,0.561
SPY,2009-06-19,0.518
SPY,2009-09-18,0.508
SPY,2009-12-18,0.59
SPY,2010-03-19,0.48
SPY,2010-06-18,0.531
SPY,2010-09-17,0.602
SPY,2010-12-17,0.653
SPY,2011-03-18,0.553
SPY,2011-06-17,0.628
SPY,2011-09-16,0.625
SPY,2011-12-16,0.77
SPY,2012-03-16,0.614
SPY,2012-06-15,0.688
SPY,2012-09-21,0.779
SPY,2012-12-21,1.022
SPY,2013-03-15,0.694
SPY,2013-06-21,0.839
SPY,2013-09-20,0.838
SPY,2013-12-20,0.98
SPY,2014-03-21,0.825
SPY,2014-06-20,0.937
SPY,2014-09-19,0.939
SPY,2014-12-19,1.135
SPY,2015-03-20,0.931
SPY,2015-06-19,1.03
SPY,2015-09-18,1.033
SPY,2015-12-18,1.212
SPY,2016-03-18,1.05
SPY,2016-06-17,1.078
SPY,2016-09-16,1.082
SPY,2016-12-16,1.329
SPY,2017-03-17,1.033
SPY,2017-06-16,1.183
SPY,2017-09-15,1.235
SPY,2017-12-15,1.351
SPY,2018-03-16,1.097
SPY,2018-06-15,1.246
SPY,2018-09-21,1.323
SPY,2018-12-21,1.435
SPY,2019-03-15,1.233
SPY,2019-06-21,1.432
SPY,2019-09-20,1.384
SPY,2019-12-20,1.57
SPY,2020-03-20,1.406
SPY,2020-06-19,1.366
SPY,2020-09-18,1.339
SPY,2020-12-18,1.58
SPY,2021-03-19,1.278
SPY,2021-06-18,1.376
SPY,2021-09-17,1.428
SPY,2021-12-17,1.633
SPY,2022-03-18,1.366
SPY,2022-06-17,1.577
SPY,2022-09-16,1.596
SPY,2022-12-16,1.781
SPY,2023-03-17,1.506
SPY,2023-06-16,1.638
SPY,2023-09-15,1.583
SPY,2023-12-15,1.906
SPY,2024-03-15,1.595
SPY,2024-06-21,1.759
SPY,2024-09-20,1.746
SPY,2024-12-20,1.966
SPY,2025-03-21,1.696
SPY,2025-06-20,1.761
SPY,2025-09-19,1.831
SPY,2025-12-19,1.993
SPY,2026-03-20,1.797
SPY,2026-06-18,1.904
T,2006-10-05,0.333
T,2007-01-08,0.355
T,2007-04-05,0.355
T,2007-07-06,0.355
T,2007-10-05,0.355
T,2008-01-08,0.4
T,2008-04-08,0.4
T,2008-07-08,0.4
T,2008-10-08,0.4
T,2009-01-07,0.41
T,2009-04-07,0.41
T,2009-07-08,0.41
T,2009-10-07,0.41
T,2010-01-06,0.42
T,2010-04-07,0.42
T,2010-07-07,0.42
T,2010-10-06,0.42
T,2011-01-06,0.43
T,2011-04-06,0.43
T,2011-07-06,0.43
T,2011-10-05,0.43
T,2012-01-06,0.44
T,2012-04-05,0.44
T,2012-07-06,0.44
T,2012-10-05,0.44
T,2013-01-08,0.45
T,2013-04-08,0.45
T,2013-07-08,0.45
T,2013-10-08,0.45
T,2014-01-08,0.46
T,2014-04-08,0.46
T,2014-07-08,0.46
T,2014-10-08,0.46
T,2015-01-07,0.47
T,2015-04-08,0.47
T,2015-07-08,0.47
T,2015-10-07,0.47
T,2016-01-06,0.48
T,2016-04-06,0.48
T,2016-07-06,0.48
T,2016-10-05,0.48
T,2017-01-06,0.49
T,2017-04-06,0.49
T,2017-07-06,0.49
T,2017-10-06,0.49
T,2018-01-09,0.5
T,2018-04-09,0.5
T,2018-07-09,0.5
T,2018-10-09,0.5
T,2019-01-09,0.51
T,2019-04-09,0.51
T,2019-07-09,0.51
T,2019-10-09,0.51
T,2020-01-09,0.52
T,2020-04-08,0.52
T,2020-07-09,0.52
T,2020-10-08,0.52
T,2021-01-08,0.52
T,2021-04-08,0.52
T,2021-07-08,0.52
T,2021-10-07,0.52
T,2022-01-07,0.52
T,2022-04-13,0.278
T,2022-07-08,0.278
T,2022-10-06,0.278
T,2023-01-09,0.278
T,2023-04-06,0.278
T,2023-07-07,0.278
T,2023-10-06,0.278
T,2024-01-09,0.278
T,2024-04-09,0.278
T,2024-07-10,0.278
T,2024-10-10,0.278
T,2025-01-10,0.278
T,2025-04-10,0.278
T,2025-07-10,0.278
T,2025-10-10,0.278
T,2026-01-12,0.278
T,2026-04-10,0.278
T,2026-07-10,0.278
TLT,2006-10-02,0.354
TLT,2006-11-01,0.345
TLT,2006-12-01,0.342
TLT,2006-12-27,0.303
TLT,2007-02-01,0.355
TLT,2007-03-01,0.343
TLT,2007-04-02,0.326
TLT,2007-05-01,0.324
TLT,2007-06-01,0.338
TLT,2007-07-02,0.326
TLT,2007-08-01,0.341
TLT,2007-09-04,0.362
TLT,2007-10-01,0.345
TLT,2007-11-01,0.394
TLT,2007-12-03,0.376
TLT,2007-12-27,0.362
TLT,2008-02-01,0.329
TLT,2008-03-03,0.348
TLT,2008-04-01,0.406
TLT,2008-05-01,0.336
TLT,2008-06-02,0.327
TLT,2008-07-01,0.332
TLT,2008-08-01,0.332
TLT,2008-09-02,0.34
TLT,2008-10-01,0.29
TLT,2008-11-03,0.37
TLT,2008-12-01,0.355
TLT,2008-12-29,0.405
TLT,2009-02-02,0.285
TLT,2009-03-02,0.282
TLT,2009-04-01,0.302
TLT,2009-05-01,0.297
TLT,2009-06-01,0.305
TLT,2009-07-01,0.303
TLT,2009-08-03,0.318
TLT,2009-09-01,0.307
TLT,2009-10-01,0.307
TLT,2009-11-02,0.308
TLT,2009-12-01,0.307
TLT,2009-12-29,0.318
TLT,2010-02-01,0.325
TLT,2010-03-01,0.29
TLT,2010-04-01,0.332
TLT,2010-05-03,0.32
TLT,2010-06-01,0.326
TLT,2010-07-01,0.31
TLT,2010-08-02,0.324
TLT,2010-09-01,0.322
TLT,2010-10-01,0.392
TLT,2010-11-01,0.319
TLT,2010-12-01,0.34
TLT,2010-12-28,0.32
TLT,2011-02-01,0.32
TLT,2011-03-01,0.297
TLT,2011-04-01,0.386
TLT,2011-05-02,0.4
TLT,2011-06-01,0.352
TLT,2011-07-01,0.32
TLT,2011-08-01,0.325
TLT,2011-09-01,0.322
TLT,2011-10-03,0.306
TLT,2011-11-01,0.299
TLT,2011-12-01,0.29
TLT,2011-12-27,0.38
TLT,2012-02-01,0.289
TLT,2012-03-01,0.267
TLT,2012-04-02,0.29
TLT,2012-05-01,0.283
TLT,2012-06-01,0.263
TLT,2012-07-02,0.269
TLT,2012-08-01,0.273
TLT,2012-09-04,0.272
TLT,2012-10-01,0.26
TLT,2012-12-03,0.245
TLT,2012-12-26,0.268
TLT,2013-02-01,0.26
TLT,2013-03-01,0.254
TLT,2013-04-01,0.255
TLT,2013-05-01,0.261
TLT,2013-06-03,0.275
TLT,2013-07-01,0.252
TLT,2013-08-01,0.27
TLT,2013-09-03,0.279
TLT,2013-10-01,0.278
TLT,2013-11-01,0.288
TLT,2013-12-02,0.31
TLT,2013-12-26,0.335
TLT,2014-02-03,0.276
TLT,2014-03-03,0.263
TLT,2014-04-01,0.28
TLT,2014-05-01,0.269
TLT,2014-06-02,0.294
TLT,2014-07-01,0.292
TLT,2014-08-01,0.3
TLT,2014-09-02,0.271
TLT,2014-10-01,0.289
TLT,2014-11-03,0.29
TLT,2014-12-01,0.277
TLT,2014-12-24,0.261
TLT,2015-02-02,0.279
TLT,2015-03-02,0.252
TLT,2015-04-01,0.273
TLT,2015-05-01,0.258
TLT,2015-06-01,0.264
TLT,2015-07-01,0.258
TLT,2015-08-03,0.267
TLT,2015-09-01,0.263
TLT,2015-10-01,0.256
TLT,2015-11-02,0.267
TLT,2015-12-01,0.257
TLT,2015-12-24,0.254
TLT,2016-02-01,0.241
TLT,2016-03-01,0.248
TLT,2016-04-01,0.27
TLT,2016-05-02,0.26
TLT,2016-06-01,0.267
TLT,2016-07-01,0.255
TLT,2016-08-01,0.258
TLT,2016-09-01,0.254
TLT,2016-10-03,0.247
TLT,2016-11-01,0.25
TLT,2016-12-01,0.243
TLT,2016-12-22,0.309
TLT,2017-02-01,0.259
TLT,2017-03-01,0.234
TLT,2017-04-03,0.255
TLT,2017-05-01,0.255
TLT,2017-06-01,0.263
TLT,2017-07-03,0.258
TLT,2017-08-01,0.269
TLT,2017-09-01,0.263
TLT,2017-10-02,0.252
TLT,2017-11-01,0.263
TLT,2017-12-01,0.255
TLT,2017-12-21,0.262
TLT,2018-02-01,0.255
TLT,2018-03-01,0.239
TLT,2018-04-02,0.26
TLT,2018-05-01,0.262
TLT,2018-06-01,0.281
TLT,2018-07-02,0.275
TLT,2018-08-01,0.267
TLT,2018-09-04,0.272
TLT,2018-10-01,0.261
TLT,2018-11-01,0.275
TLT,2018-12-03,0.267
TLT,2018-12-18,0.282
TLT,2019-02-01,0.275
TLT,2019-03-01,0.253
TLT,2019-04-01,0.278
TLT,2019-05-01,0.259
TLT,2019-06-03,0.27
TLT,2019-07-01,0.26
TLT,2019-08-01,0.264
TLT,2019-09-03,0.26
TLT,2019-10-01,0.25
TLT,2019-11-01,0.246
TLT,2019-12-02,0.241
TLT,2019-12-19,0.218
TLT,2020-02-03,0.242
TLT,2020-03-02,0.229
TLT,2020-04-01,0.238
TLT,2020-05-01,0.216
TLT,2020-06-01,0.21
TLT,2020-07-01,0.192
TLT,2020-08-03,0.19
TLT,2020-09-01,0.183
TLT,2020-10-01,0.169
TLT,2020-11-02,0.169
TLT,2020-12-01,0.163
TLT,2020-12-17,0.164
TLT,2021-02-01,0.176
TLT,2021-03-01,0.172
TLT,2021-04-01,0.185
TLT,2021-05-03,0.203
TLT,2021-06-01,0.199
TLT,2021-07-01,0.188
TLT,2021-08-02,0.182
TLT,2021-09-01,0.189
TLT,2021-10-01,0.183
TLT,2021-11-01,0.188
TLT,2021-12-01,0.184
TLT,2021-12-16,0.168
TLT,2022-02-01,0.198
TLT,2022-03-01,0.185
TLT,2022-04-01,0.202
TLT,2022-05-02,0.203
TLT,2022-06-01,0.207
TLT,2022-07-01,0.227
TLT,2022-08-01,0.213
TLT,2022-09-01,0.236
TLT,2022-10-03,0.244
TLT,2022-11-01,0.236
TLT,2022-12-01,0.244
TLT,2022-12-15,0.261
TLT,2023-02-01,0.275
TLT,2023-03-01,0.25
TLT,2023-04-03,0.269
TLT,2023-05-01,0.268
TLT,2023-06-01,0.273
TLT,2023-07-03,0.278
TLT,2023-08-01,0.275
TLT,2023-09-01,0.289
TLT,2023-10-02,0.28
TLT,2023-11-01,0.286
TLT,2023-12-01,0.289
TLT,2023-12-14,0.311
TLT,2024-02-01,0.31
TLT,2024-03-01,0.295
TLT,2024-04-01,0.312
TLT,2024-05-01,0.308
TLT,2024-06-03,0.308
TLT,2024-07-01,0.291
TLT,2024-08-01,0.315
TLT,2024-09-03,0.313
TLT,2024-10-01,0.316
TLT,2024-11-01,0.311
TLT,2024-12-02,0.325
TLT,2024-12-18,0.351
TLT,2025-02-03,0.312
TLT,2025-03-03,0.29
TLT,2025-04-01,0.326
TLT,2025-05-01,0.328
TLT,2025-06-02,0.32
TLT,2025-07-01,0.328
TLT,2025-08-01,0.331
TLT,2025-09-02,0.328
TLT,2025-10-01,0.31
TLT,2025-11-03,0.325
TLT,2025-12-01,0.321
TLT,2025-12-19,0.342
TLT,2026-02-02,0.332
TLT,2026-03-02,0.301
TLT,2026-04-01,0.345
TLT,2026-05-01,0.315
TLT,2026-06-01,0.336
TLT,2026-07-01,0.318
TLT,2026-08-03,0.33
TLT,2026-09-01,0.315
TXN,2006-10-27,0.04
TXN,2007-01-29,0.04
TXN,2007-04-26,0.08
TXN,2007-07-27,0.08
TXN,2007-10-29,0.1
TXN,2008-01-29,0.1
TXN,2008-04-28,0.1
TXN,2008-07-29,0.1
TXN,2008-10-29,0.11
TXN,2009-01-28,0.11
TXN,2009-04-28,0.11
TXN,2009-07-29,0.11
TXN,2009-10-28,0.12
TXN,2010-01-28,0.12
TXN,2010-04-28,0.12
TXN,2010-07-28,0.12
TXN,2010-10-28,0.13
TXN,2011-01-27,0.13
TXN,2011-04-28,0.13
TXN,2011-07-28,0.13
TXN,2011-10-27,0.17
TXN,2012-01-27,0.17
TXN,2012-04-26,0.17
TXN,2012-07-27,0.17
TXN,2012-10-31,0.21
TXN,2013-01-29,0.21
TXN,2013-04-26,0.28
TXN,2013-07-29,0.28
TXN,2013-10-29,0.3
TXN,2014-01-29,0.3
TXN,2014-04-28,0.3
TXN,2014-07-29,0.3
TXN,2014-10-29,0.34
TXN,2015-01-28,0.34
TXN,2015-04-28,0.34
TXN,2015-07-29,0.34
TXN,2015-10-28,0.38
TXN,2016-01-28,0.38
TXN,2016-04-28,0.38
TXN,2016-07-28,0.38
TXN,2016-11-03,0.5
TXN,2017-01-27,0.5
TXN,2017-04-27,0.5
TXN,2017-07-27,0.5
TXN,2017-10-30,0.62
TXN,2018-01-30,0.62
TXN,2018-05-04,0.62
TXN,2018-07-30,0.62
TXN,2018-10-30,0.77
TXN,2019-01-30,0.77
TXN,2019-05-03,0.77
TXN,2019-07-30,0.77
TXN,2019-10-30,0.9
TXN,2020-01-30,0.9
TXN,2020-05-01,0.9
TXN,2020-07-30,0.9
TXN,2020-10-29,1.02
TXN,2021-01-29,1.02
TXN,2021-04-30,1.02
TXN,2021-07-23,1.02
TXN,2021-10-29,1.15
TXN,2022-01-28,1.15
TXN,2022-05-06,1.15
TXN,2022-07-29,1.15
TXN,2022-10-28,1.24
TXN,2023-01-30,1.24
TXN,2023-05-05,1.24
TXN,2023-07-28,1.24
TXN,2023-10-30,1.3
TXN,2024-01-30,1.3
TXN,2024-05-07,1.3
TXN,2024-07-31,1.3
TXN,2024-10-31,1.36
TXN,2025-01-31,1.36
TXN,2025-04-30,1.36
TXN,2025-07-31,1.36
TXN,2025-10-31,1.42
TXN,2026-01-30,1.42
TXN,2026-05-05,1.42
TXN,2026-07-31,1.42
UNH,2007-03-29,0.03
UNH,2008-03-31,0.03
UNH,2009-03-31,0.03
UNH,2010-04-01,0.03
UNH,2010-06-03,0.125
UNH,2010-09-10,0.125
UNH,2010-12-03,0.125
UNH,2011-03-03,0.125
UNH,2011-06-03,0.163
UNH,2011-09-02,0.163
UNH,2011-12-05,0.163
UNH,2012-03-01,0.163
UNH,2012-06-13,0.213
UNH,2012-09-12,0.213
UNH,2012-12-07,0.213
UNH,2013-03-13,0.212
UNH,2013-06-13,0.28
UNH,2013-09-11,0.28
UNH,2013-12-04,0.28
UNH,2014-03-12,0.28
UNH,2014-06-12,0.375
UNH,2014-09-10,0.375
UNH,2014-12-03,0.375
UNH,2015-03-11,0.375
UNH,2015-06-11,0.5
UNH,2015-09-09,0.5
UNH,2015-12-02,0.5
UNH,2016-03-09,0.5
UNH,2016-06-15,0.625
UNH,2016-09-07,0.625
UNH,2016-11-30,0.625
UNH,2017-03-08,0.625
UNH,2017-06-15,0.75
UNH,2017-09-07,0.75
UNH,2017-11-30,0.75
UNH,2018-03-08,0.75
UNH,2018-06-15,0.9
UNH,2018-09-06,0.9
UNH,2018-11-30,0.9
UNH,2019-03-08,0.9
UNH,2019-06-14,1.08
UNH,2019-09-13,1.08
UNH,2019-12-06,1.08
UNH,2020-03-13,1.08
UNH,2020-06-19,1.25
UNH,2020-09-11,1.25
UNH,2020-12-04,1.25
UNH,2021-03-12,1.25
UNH,2021-06-18,1.45
UNH,2021-09-10,1.45
UNH,2021-12-03,1.45
UNH,2022-03-11,1.45
UNH,2022-06-16,1.65
UNH,2022-09-09,1.65
UNH,2022-12-02,1.65
UNH,2023-03-10,1.65
UNH,2023-06-15,1.88
UNH,2023-09-08,1.88
UNH,2023-12-01,1.88
UNH,2024-03-08,1.88
UNH,2024-06-17,2.1
UNH,2024-09-16,2.1
UNH,2024-12-09,2.1
UNH,2025-03-10,2.1
UNH,2025-06-16,2.21
UNH,2025-09-15,2.21
UNH,2025-12-08,2.21
UNH,2026-03-09,2.21
UNH,2026-06-15,2.32
UNH,2026-09-14,2.32
V,2008-08-13,0.02625
V,2008-11-12,0.02625
V,2009-02-11,0.02625
V,2009-05-13,0.02625
V,2009-08-12,0.02625
V,2009-11-12,0.03125
V,2010-02-10,0.03125
V,2010-05-12,0.03125
V,2010-08-11,0.03125
V,2010-11-17,0.0375
V,2011-02-09,0.0375
V,2011-05-18,0.0375
V,2011-08-17,0.0375
V,2011-11-16,0.055
V,2012-02-15,0.055
V,2012-05-16,0.055
V,2012-08-15,0.055
V,2012-11-14,0.0825
V,2013-02-13,0.0825
V,2013-05-15,0.0825
V,2013-08-14,0.0825
V,2013-11-13,0.1
V,2014-02-12,0.1
V,2014-05-14,0.1
V,2014-08-13,0.1
V,2014-11-12,0.12
V,2015-02-11,0.12
V,2015-05-13,0.12
V,2015-08-12,0.12
V,2015-11-10,0.14
V,2016-02-17,0.14
V,2016-05-11,0.14
V,2016-08-17,0.14
V,2016-11-16,0.165
V,2017-02-15,0.165
V,2017-05-17,0.165
V,2017-08-16,0.165
V,2017-11-16,0.195
V,2018-02-15,0.21
V,2018-05-17,0.21
V,2018-08-16,0.21
V,2018-11-15,0.25
V,2019-02-14,0.25
V,2019-05-16,0.25
V,2019-08-15,0.25
V,2019-11-14,0.3
V,2020-02-13,0.3
V,2020-05-13,0.3
V,2020-08-13,0.3
V,2020-11-12,0.32
V,2021-02-11,0.32
V,2021-05-13,0.32
V,2021-08-12,0.32
V,2021-11-10,0.375
V,2022-02-10,0.375
V,2022-05-12,0.375
V,2022-08-11,0.375
V,2022-11-09,0.45
V,2023-02-09,0.45
V,2023-05-11,0.45
V,2023-08-10,0.45
V,2023-11-08,0.52
V,2024-02-08,0.52
V,2024-05-16,0.52
V,2024-08-09,0.52
V,2024-11-12,0.59
V,2025-02-11,0.59
V,2025-05-13,0.59
V,2025-08-12,0.59
V,2025-11-12,0.67
V,2026-02-10,0.67
V,2026-05-12,0.67
V,2026-08-11,0.67
VZ,2006-10-05,0.364226
VZ,2007-01-08,0.378086
VZ,2007-04-05,0.378086
VZ,2007-07-06,0.378086
VZ,2007-10-05,0.401425
VZ,2008-01-08,0.401425
VZ,2008-04-08,0.403292
VZ,2008-07-08,0.403292
VZ,2008-10-08,0.431429
VZ,2009-01-07,0.431429
VZ,2009-04-07,0.431429
VZ,2009-07-08,0.431429
VZ,2009-10-07,0.445497
VZ,2010-01-06,0.445497
VZ,2010-04-07,0.445497
VZ,2010-07-07,0.475
VZ,2010-10-06,0.488
VZ,2011-01-06,0.488
VZ,2011-04-06,0.488
VZ,2011-07-06,0.488
VZ,2011-10-05,0.5
VZ,2012-01-06,0.5
VZ,2012-04-05,0.5
VZ,2012-07-06,0.5
VZ,2012-10-05,0.515
VZ,2013-01-08,0.515
VZ,2013-04-08,0.515
VZ,2013-07-08,0.515
VZ,2013-10-08,0.53
VZ,2014-01-08,0.53
VZ,2014-04-08,0.53
VZ,2014-07-08,0.53
VZ,2014-10-08,0.55
VZ,2015-01-07,0.55
VZ,2015-04-08,0.55
VZ,2015-07-08,0.55
VZ,2015-10-07,0.565
VZ,2016-01-06,0.565
VZ,2016-04-06,0.565
VZ,2016-07-06,0.565
VZ,2016-10-05,0.578
VZ,2017-01-06,0.578
VZ,2017-04-06,0.578
VZ,2017-07-06,0.578
VZ,2017-10-06,0.59
VZ,2018-01-09,0.59
VZ,2018-04-09,0.59
VZ,2018-07-09,0.59
VZ,2018-10-09,0.603
VZ,2019-01-09,0.603
VZ,2019-04-09,0.603
VZ,2019-07-09,0.603
VZ,2019-10-09,0.615
VZ,2020-01-09,0.615
VZ,2020-04-09,0.615
VZ,2020-07-09,0.615
VZ,2020-10-08,0.628
VZ,2021-01-07,0.628
VZ,2021-04-08,0.628
VZ,2021-07-08,0.628
VZ,2021-10-07,0.64
VZ,2022-01-07,0.64
VZ,2022-04-07,0.64
VZ,2022-07-07,0.64
VZ,2022-10-06,0.653
VZ,2023-01-09,0.653
VZ,2023-04-06,0.653
VZ,2023-07-07,0.653
VZ,2023-10-06,0.665
VZ,2024-01-09,0.665
VZ,2024-04-09,0.665
VZ,2024-07-10,0.665
VZ,2024-10-10,0.678
VZ,2025-01-10,0.678
VZ,2025-04-10,0.678
VZ,2025-07-10,0.678
VZ,2025-10-10,0.69
VZ,2026-01-12,0.69
VZ,2026-04-10,0.708
VZ,2026-07-10,0.708
WMT,2006-12-13,0.056
WMT,2007-03-14,0.073333
WMT,2007-05-16,0.073333
WMT,2007-08-15,0.073333
WMT,2007-12-12,0.073333
WMT,2008-03-12,0.079333
WMT,2008-05-14,0.079333
WMT,2008-08-13,0.079333
WMT,2008-12-11,0.079333
WMT,2009-03-11,0.091
WMT,2009-05-13,0.091
WMT,2009-08-12,0.091
WMT,2009-12-09,0.091
WMT,2010-03-10,0.101
WMT,2010-05-12,0.101
WMT,2010-08-11,0.101
WMT,2010-12-08,0.101
WMT,2011-03-09,0.121667
WMT,2011-05-11,0.121667
WMT,2011-08-10,0.121667
WMT,2011-12-07,0.121667
WMT,2012-03-08,0.132667
WMT,2012-05-09,0.132667
WMT,2012-08-08,0.132667
WMT,2012-12-05,0.132667
WMT,2013-03-08,0.156667
WMT,2013-05-08,0.156667
WMT,2013-08-07,0.156667
WMT,2013-12-04,0.156667
WMT,2014-03-07,0.16
WMT,2014-05-07,0.16
WMT,2014-08-06,0.16
WMT,2014-12-03,0.16
WMT,2015-03-11,0.163333
WMT,2015-05-06,0.163333
WMT,2015-08-05,0.163333
WMT,2015-12-02,0.163333
WMT,2016-03-09,0.166667
WMT,2016-05-11,0.166667
WMT,2016-08-10,0.166667
WMT,2016-12-07,0.166667
WMT,2017-03-08,0.17
WMT,2017-05-10,0.17
WMT,2017-08-09,0.17
WMT,2017-12-07,0.17
WMT,2018-03-08,0.173333
WMT,2018-05-10,0.173333
WMT,2018-08-09,0.173333
WMT,2018-12-06,0.173333
WMT,2019-03-14,0.176667
WMT,2019-05-09,0.176667
WMT,2019-08-08,0.176667
WMT,2019-12-05,0.176667
WMT,2020-03-19,0.18
WMT,2020-05-07,0.18
WMT,2020-08-13,0.18
WMT,2020-12-10,0.18
WMT,2021-03-18,0.183333
WMT,2021-05-06,0.183333
WMT,2021-08-12,0.183333
WMT,2021-12-09,0.183333
WMT,2022-03-17,0.186667
WMT,2022-05-05,0.186667
WMT,2022-08-11,0.186667
WMT,2022-12-08,0.186667
WMT,2023-03-16,0.19
WMT,2023-05-04,0.19
WMT,2023-08-10,0.19
WMT,2023-12-07,0.19
WMT,2024-03-14,0.208
WMT,2024-05-09,0.208
WMT,2024-08-16,0.208
WMT,2024-12-13,0.208
WMT,2025-03-21,0.235
WMT,2025-05-09,0.235
WMT,2025-08-15,0.235
WMT,2025-12-12,0.235
WMT,2026-03-20,0.248
WMT,2026-05-08,0.248
WMT,2026-08-21,0.248
XLF,2006-12-15,0.22827
XLF,2007-03-16,0.120227
XLF,2007-06-15,0.165719
XLF,2007-09-21,0.207149
XLF,2007-12-21,0.212835
XLF,2008-03-20,0.160845
XLF,2008-06-20,0.16247
XLF,2008-09-19,0.154346
XLF,2008-12-19,0.14866
XLF,2009-03-20,0.069862
XLF,2009-06-19,0.049553
XLF,2009-09-18,0.03818
XLF,2009-12-18,0.042242
XLF,2010-03-19,0.029245
XLF,2010-06-18,0.025183
XLF,2010-09-17,0.026807
XLF,2010-12-17,0.045491
XLF,2011-03-18,0.034119
XLF,2011-06-17,0.043054
XLF,2011-09-16,0.040617
XLF,2011-12-16,0.064988
XLF,2012-03-16,0.040617
XLF,2012-06-15,0.05524
XLF,2012-09-21,0.053615
XLF,2012-12-21,0.084484
XLF,2013-03-15,0.050366
XLF,2013-06-21,0.062551
XLF,2013-09-20,0.0658
XLF,2013-12-20,0.082047
XLF,2014-03-21,0.067425
XLF,2014-06-20,0.073111
XLF,2014-09-19,0.07961
XLF,2014-12-19,0.102356
XLF,2015-03-20,0.073924
XLF,2015-06-19,0.089358
XLF,2015-09-18,0.091795
XLF,2015-12-18,0.121852
XLF,2016-03-18,0.081235
XLF,2016-06-17,0.098294
XLF,2016-09-16,0.092608
XLF,2016-12-16,0.107
XLF,2017-03-17,0.088
XLF,2017-06-16,0.093
XLF,2017-09-15,0.103
XLF,2017-12-15,0.128
XLF,2018-03-16,0.105
XLF,2018-06-15,0.119
XLF,2018-09-21,0.128
XLF,2018-12-21,0.145
XLF,2019-03-15,0.135
XLF,2019-06-21,0.139
XLF,2019-09-20,0.144
XLF,2019-12-20,0.156
XLF,2020-03-23,0.159
XLF,2020-06-22,0.152
XLF,2020-09-21,0.135
XLF,2020-12-21,0.152
XLF,2021-03-22,0.151
XLF,2021-06-21,0.139
XLF,2021-09-20,0.162
XLF,2021-12-20,0.184
XLF,2022-03-21,0.152
XLF,2022-06-21,0.164
XLF,2022-09-19,0.173
XLF,2022-12-19,0.21
XLF,2023-03-20,0.153
XLF,2023-06-20,0.15
XLF,2023-09-18,0.155
XLF,2023-12-18,0.184
XLF,2024-03-18,0.153
XLF,2024-06-24,0.163
XLF,2024-09-23,0.165
XLF,2024-12-23,0.206
XLF,2025-03-24,0.179
XLF,2025-06-23,0.172
XLF,2025-09-22,0.178
XLF,2025-12-22,0.191
XLF,2026-03-23,0.251
XLF,2026-06-22,0.187
XOM,2006-11-09,0.32
XOM,2007-02-07,0.32
XOM,2007-05-10,0.35
XOM,2007-08-09,0.35
XOM,2007-11-07,0.35
XOM,2008-02-07,0.35
XOM,2008-05-09,0.4
XOM,2008-08-11,0.4
XOM,2008-11-07,0.4
XOM,2009-02-06,0.4
XOM,2009-05-11,0.42
XOM,2009-08-11,0.42
XOM,2009-11-09,0.42
XOM,2010-02-08,0.42
XOM,2010-05-11,0.44
XOM,2010-08-11,0.44
XOM,2010-11-09,0.44
XOM,2011-02-08,0.44
XOM,2011-05-11,0.47
XOM,2011-08-10,0.47
XOM,2011-11-08,0.47
XOM,2012-02-08,0.47
XOM,2012-05-10,0.57
XOM,2012-08-09,0.57
XOM,2012-11-07,0.57
XOM,2013-02-07,0.57
XOM,2013-05-09,0.63
XOM,2013-08-09,0.63
XOM,2013-11-07,0.63
XOM,2014-02-06,0.63
XOM,2014-05-09,0.69
XOM,2014-08-11,0.69
XOM,2014-11-07,0.69
XOM,2015-02-06,0.69
XOM,2015-05-11,0.73
XOM,2015-08-11,0.73
XOM,2015-11-09,0.73
XOM,2016-02-09,0.73
XOM,2016-05-11,0.75
XOM,2016-08-10,0.75
XOM,2016-11-08,0.75
XOM,2017-02-08,0.75
XOM,2017-05-10,0.77
XOM,2017-08-10,0.77
XOM,2017-11-10,0.77
XOM,2018-02-09,0.77
XOM,2018-05-11,0.82
XOM,2018-08-10,0.82
XOM,2018-11-09,0.82
XOM,2019-02-08,0.82
XOM,2019-05-10,0.87
XOM,2019-08-12,0.87
XOM,2019-11-08,0.87
XOM,2020-02-10,0.87
XOM,2020-05-12,0.87
XOM,2020-08-12,0.87
XOM,2020-11-10,0.87
XOM,2021-02-09,0.87
XOM,2021-05-12,0.87
XOM,2021-08-12,0.87
XOM,2021-11-10,0.88
XOM,2022-02-09,0.88
XOM,2022-05-12,0.88
XOM,2022-08-11,0.88
XOM,2022-11-14,0.91
XOM,2023-02-13,0.91
XOM,2023-05-15,0.91
XOM,2023-08-15,0.91
XOM,2023-11-14,0.95
XOM,2024-02-13,0.95
XOM,2024-05-14,0.95
XOM,2024-08-15,0.95
XOM,2024-11-14,0.99
XOM,2025-02-12,0.99
XOM,2025-05-15,0.99
XOM,2025-08-15,0.99
XOM,2025-11-14,1.03
XOM,2026-02-12,1.03
XOM,2026-05-15,1.03
XOM,2026-08-17,1.03
